-- MariaDB dump 10.19  Distrib 10.4.32-MariaDB, for Win64 (AMD64)
--
-- Host: localhost    Database: programming_academy
-- ------------------------------------------------------
-- Server version	10.4.32-MariaDB

/*!40101 SET @OLD_CHARACTER_SET_CLIENT=@@CHARACTER_SET_CLIENT */;
/*!40101 SET @OLD_CHARACTER_SET_RESULTS=@@CHARACTER_SET_RESULTS */;
/*!40101 SET @OLD_COLLATION_CONNECTION=@@COLLATION_CONNECTION */;
/*!40101 SET NAMES utf8mb4 */;
/*!40103 SET @OLD_TIME_ZONE=@@TIME_ZONE */;
/*!40103 SET TIME_ZONE='+00:00' */;
/*!40014 SET @OLD_UNIQUE_CHECKS=@@UNIQUE_CHECKS, UNIQUE_CHECKS=0 */;
/*!40014 SET @OLD_FOREIGN_KEY_CHECKS=@@FOREIGN_KEY_CHECKS, FOREIGN_KEY_CHECKS=0 */;
/*!40101 SET @OLD_SQL_MODE=@@SQL_MODE, SQL_MODE='NO_AUTO_VALUE_ON_ZERO' */;
/*!40111 SET @OLD_SQL_NOTES=@@SQL_NOTES, SQL_NOTES=0 */;

--
-- Current Database: `programming_academy`
--

/*!40000 DROP DATABASE IF EXISTS `programming_academy`*/;

CREATE DATABASE /*!32312 IF NOT EXISTS*/ `programming_academy` /*!40100 DEFAULT CHARACTER SET utf8mb4 COLLATE utf8mb4_general_ci */;

USE `programming_academy`;

--
-- Table structure for table `academy_reviews`
--

DROP TABLE IF EXISTS `academy_reviews`;
/*!40101 SET @saved_cs_client     = @@character_set_client */;
/*!40101 SET character_set_client = utf8 */;
CREATE TABLE `academy_reviews` (
  `id` int(11) unsigned NOT NULL AUTO_INCREMENT,
  `user_id` int(11) NOT NULL,
  `rating` tinyint(1) NOT NULL COMMENT 'التقييم من 1 إلى 5',
  `review_text` text NOT NULL,
  `created_at` timestamp NOT NULL DEFAULT current_timestamp(),
  PRIMARY KEY (`id`),
  KEY `user_id` (`user_id`),
  KEY `idx_reviews_recent` (`created_at`),
  KEY `idx_reviews_rating` (`rating`,`created_at`),
  CONSTRAINT `academy_reviews_ibfk_1` FOREIGN KEY (`user_id`) REFERENCES `users` (`id`) ON DELETE CASCADE
) ENGINE=InnoDB AUTO_INCREMENT=12 DEFAULT CHARSET=utf8mb4 COLLATE=utf8mb4_general_ci;
/*!40101 SET character_set_client = @saved_cs_client */;

--
-- Dumping data for table `academy_reviews`
--

LOCK TABLES `academy_reviews` WRITE;
/*!40000 ALTER TABLE `academy_reviews` DISABLE KEYS */;
INSERT INTO `academy_reviews` (`id`, `user_id`, `rating`, `review_text`, `created_at`) VALUES (1,1,1,'test','2025-10-07 20:38:35'),(2,1,1,'ww','2025-10-07 20:46:28'),(3,1,1,'s','2025-10-07 20:47:07'),(4,1,3,'s','2025-10-07 20:50:41'),(5,1,4,'dddd','2025-10-07 20:55:37'),(6,1,4,'dddd','2025-10-07 20:55:45'),(7,7,4,'hello','2025-10-07 21:39:13'),(8,1,3,'hi','2025-10-16 22:52:46'),(9,1,5,'hi','2025-10-22 22:26:23'),(10,1,3,'ffggffgfg','2025-12-22 21:05:16'),(11,1,5,'test','2025-12-22 21:05:27');
/*!40000 ALTER TABLE `academy_reviews` ENABLE KEYS */;
UNLOCK TABLES;

--
-- Table structure for table `assignments`
--

DROP TABLE IF EXISTS `assignments`;
/*!40101 SET @saved_cs_client     = @@character_set_client */;
/*!40101 SET character_set_client = utf8 */;
CREATE TABLE `assignments` (
  `id` int(11) NOT NULL AUTO_INCREMENT,
  `course_id` int(10) unsigned NOT NULL,
  `question` text NOT NULL,
  `difficulty` int(11) NOT NULL DEFAULT 1,
  `assignment_order` int(11) NOT NULL DEFAULT 1,
  `created_at` timestamp NOT NULL DEFAULT current_timestamp(),
  PRIMARY KEY (`id`),
  KEY `idx_course_assignments` (`course_id`,`assignment_order`),
  KEY `idx_assignment_difficulty` (`difficulty`,`course_id`),
  CONSTRAINT `assignments_ibfk_1` FOREIGN KEY (`course_id`) REFERENCES `courses` (`id`) ON DELETE CASCADE
) ENGINE=InnoDB AUTO_INCREMENT=13 DEFAULT CHARSET=utf8mb4 COLLATE=utf8mb4_general_ci;
/*!40101 SET character_set_client = @saved_cs_client */;

--
-- Dumping data for table `assignments`
--

LOCK TABLES `assignments` WRITE;
/*!40000 ALTER TABLE `assignments` DISABLE KEYS */;
INSERT INTO `assignments` (`id`, `course_id`, `question`, `difficulty`, `assignment_order`, `created_at`) VALUES (2,9,'اكتب دالة في لغة C تقبل عدداً صحيحاً وتعيد مضروب هذا العدد (Factorial).',2,2,'2025-12-07 20:43:57'),(3,9,'اكتب برنامجاً في لغة C يقرأ مصفوفة من الأعداد الصحيحة ثم يطبع أكبر عنصر فيها.',3,3,'2025-12-07 20:43:57'),(4,10,'اكتب كود CSS لتصميم قائمة تنقل أفقية مع تأثيرات hover.',2,1,'2025-12-07 20:43:57'),(5,10,'أنشئ تصميم متجاوب باستخدام CSS Grid لصفحة شخصية.',3,2,'2025-12-07 20:43:57'),(6,8,'أنشئ صفحة HTML تحتوي على نموذج تسجيل دخول مع جميع الحقول المطلوبة.',1,1,'2025-12-07 20:43:57'),(7,8,'أنشئ صفحة HTML لمعرض صور مع استخدام semantic elements.',2,2,'2025-12-07 20:43:57'),(8,6,'أنشئ مكون React لعرض قائمة مهام قابلة للإضافة والحذف.',3,1,'2025-12-07 20:43:57'),(9,6,'أنشئ تطبيق React بسيط لإدارة قائمة تسوق.',4,2,'2025-12-07 20:43:57'),(10,14,'اكتب API بسيط باستخدام Node.js و Express يقوم بإرجاع قائمة من المستخدمين.',3,1,'2025-12-07 20:43:57'),(11,14,'أنشئ نظام مصادقة أساسي باستخدام JWT في Node.js.',4,2,'2025-12-07 20:43:57'),(12,9,'اكتب دالة في لغة C تقبل عدداً صحيحاً وتعيد مضروب هذا العدد (Factorial)',5,1,'2025-12-16 22:10:18');
/*!40000 ALTER TABLE `assignments` ENABLE KEYS */;
UNLOCK TABLES;

--
-- Table structure for table `challenge_attempts`
--

DROP TABLE IF EXISTS `challenge_attempts`;
/*!40101 SET @saved_cs_client     = @@character_set_client */;
/*!40101 SET character_set_client = utf8 */;
CREATE TABLE `challenge_attempts` (
  `id` int(11) NOT NULL AUTO_INCREMENT,
  `user_id` int(11) NOT NULL,
  `challenge_id` int(11) NOT NULL,
  `code` text NOT NULL,
  `completed` tinyint(1) DEFAULT 0,
  `completed_at` timestamp NULL DEFAULT NULL,
  `created_at` timestamp NOT NULL DEFAULT current_timestamp(),
  PRIMARY KEY (`id`),
  UNIQUE KEY `unique_attempt` (`user_id`,`challenge_id`),
  KEY `challenge_id` (`challenge_id`),
  CONSTRAINT `challenge_attempts_ibfk_1` FOREIGN KEY (`user_id`) REFERENCES `users` (`id`) ON DELETE CASCADE,
  CONSTRAINT `challenge_attempts_ibfk_2` FOREIGN KEY (`challenge_id`) REFERENCES `challenges` (`id`) ON DELETE CASCADE
) ENGINE=InnoDB DEFAULT CHARSET=utf8mb4 COLLATE=utf8mb4_general_ci;
/*!40101 SET character_set_client = @saved_cs_client */;

--
-- Dumping data for table `challenge_attempts`
--

LOCK TABLES `challenge_attempts` WRITE;
/*!40000 ALTER TABLE `challenge_attempts` DISABLE KEYS */;
/*!40000 ALTER TABLE `challenge_attempts` ENABLE KEYS */;
UNLOCK TABLES;

--
-- Table structure for table `challenges`
--

DROP TABLE IF EXISTS `challenges`;
/*!40101 SET @saved_cs_client     = @@character_set_client */;
/*!40101 SET character_set_client = utf8 */;
CREATE TABLE `challenges` (
  `id` int(11) NOT NULL AUTO_INCREMENT,
  `title` varchar(255) NOT NULL,
  `description` text NOT NULL,
  `category` enum('algorithms','data-structures','web','database') NOT NULL,
  `difficulty` enum('easy','medium','hard') NOT NULL,
  `points` int(11) NOT NULL DEFAULT 0,
  `starter_code` text DEFAULT NULL,
  `code_language` varchar(50) DEFAULT NULL,
  `test_cases` longtext CHARACTER SET utf8mb4 COLLATE utf8mb4_bin DEFAULT NULL CHECK (json_valid(`test_cases`)),
  `solution_template` text DEFAULT NULL,
  `is_active` tinyint(1) DEFAULT 1,
  `created_at` timestamp NOT NULL DEFAULT current_timestamp(),
  `updated_at` timestamp NOT NULL DEFAULT current_timestamp() ON UPDATE current_timestamp(),
  PRIMARY KEY (`id`),
  KEY `idx_challenge_filter` (`category`,`difficulty`,`is_active`),
  KEY `idx_challenge_points` (`points`),
  FULLTEXT KEY `idx_challenge_search` (`title`,`description`)
) ENGINE=InnoDB AUTO_INCREMENT=29 DEFAULT CHARSET=utf8mb4 COLLATE=utf8mb4_general_ci;
/*!40101 SET character_set_client = @saved_cs_client */;

--
-- Dumping data for table `challenges`
--

LOCK TABLES `challenges` WRITE;
/*!40000 ALTER TABLE `challenges` DISABLE KEYS */;
INSERT INTO `challenges` (`id`, `title`, `description`, `category`, `difficulty`, `points`, `starter_code`, `code_language`, `test_cases`, `solution_template`, `is_active`, `created_at`, `updated_at`) VALUES (2,'شجرة ثنائية بحث','صمم وطبق شجرة ثنائية بحث مع عمليات الإدراج والحذف والبحث. تأكد من الحفاظ على خصائص شجرة البحث الثنائية.','data-structures','medium',100,NULL,'python',NULL,NULL,1,'2025-12-17 19:13:05','2025-12-17 19:13:05'),(3,'آلة حاسبة تفاعلية','أنشئ آلة حاسبة تفاعلية باستخدام HTML CSS وJavaScript. يجب أن تدعم العمليات الأساسية والعمليات المتقدمة.','web','easy',75,NULL,'javascript',NULL,NULL,1,'2025-12-17 19:13:05','2025-12-17 19:13:05'),(7,'مقلوب المصفوفة','اكتب دالة تقوم بقلب عناصر المصفوفة بدون استخدام دوال جاهزة. يجب أن تعيد المصفوفة المقلوبة.','algorithms','easy',40,NULL,'javascript',NULL,NULL,1,'2025-12-17 19:45:34','2025-12-17 19:45:34'),(8,'جمع الأرقام في مصفوفة','اكتب دالة تحسب مجموع جميع الأرقام في مصفوفة معينة وتعيد النتيجة.','algorithms','easy',35,NULL,'javascript',NULL,NULL,1,'2025-12-17 19:45:34','2025-12-17 19:45:34'),(9,'ترتيب بالفقاعات','طبق خوارزمية ترتيب الفقاعات (Bubble Sort) لترتيب مصفوفة من الأرقام تصاعدياً.','algorithms','medium',70,NULL,'javascript',NULL,NULL,1,'2025-12-17 19:45:34','2025-12-17 19:45:34'),(10,'أكبر عدد مشترك','اكتب دالة تحسب أكبر عدد مشترك (GCD) بين عددين باستخدام خوارزمية إقليدس.','algorithms','medium',65,NULL,'javascript',NULL,NULL,1,'2025-12-17 19:45:34','2025-12-17 19:45:34'),(11,'أسرع طريق','طبق خوارزمية دايكسترا لإيجاد أقصر طريق في رسم بياني مع أوزان.','algorithms','hard',150,NULL,'javascript',NULL,NULL,1,'2025-12-17 19:45:34','2025-12-17 19:45:34'),(12,'قائمة مرتبطة بسيطة','أنشئ فئة قائمة مرتبطة بسيطة مع عمليات الإدراج في البداية والنهاية والحذف.','data-structures','easy',60,NULL,'javascript',NULL,NULL,1,'2025-12-17 19:45:34','2025-12-17 19:45:34'),(13,'مكدس باستخدام مصفوفة','طبق بنية مكدس (Stack) باستخدام مصفوفة مع عمليات push و pop و peek.','data-structures','medium',80,NULL,'javascript',NULL,NULL,1,'2025-12-17 19:45:34','2025-12-17 19:45:34'),(14,'طابور باستخدام قائمة مرتبطة','طبق بنية طابور (Queue) باستخدام قائمة مرتبطة مع عمليات enqueue و dequeue.','data-structures','medium',85,NULL,'javascript',NULL,NULL,1,'2025-12-17 19:45:34','2025-12-17 19:45:34'),(15,'شجرة AVL','طبق شجرة AVL مع عمليات الإدراج والحذف مع الحفاظ على توازن الشجرة.','data-structures','hard',180,NULL,'javascript',NULL,NULL,1,'2025-12-17 19:45:34','2025-12-17 19:45:34'),(16,'تحقق من صحة البريد الإلكتروني','اكتب دالة JavaScript تتحقق من صحة عنوان البريد الإلكتروني باستخدام تعبيرات منتظمة.','web','easy',45,NULL,'javascript',NULL,NULL,1,'2025-12-17 19:45:34','2025-12-17 19:45:34'),(17,'تغيير ألوان العناصر','أنشئ صفحة HTML بأزرار تتيح تغيير ألوان عناصر الصفحة باستخدام JavaScript.','web','easy',50,NULL,'javascript',NULL,NULL,1,'2025-12-17 19:45:34','2025-12-17 19:45:34'),(18,'قائمة مهام تفاعلية','أنشئ تطبيق قائمة مهام باستخدام HTML، CSS، وJavaScript مع إمكانية إضافة وحذف المهام.','web','medium',90,NULL,'javascript',NULL,NULL,1,'2025-12-17 19:45:34','2025-12-17 19:45:34'),(19,'ساعة رقمية','أنشئ ساعة رقمية تُظهر الوقت الحالي وتتحدث كل ثانية باستخدام JavaScript.','web','medium',75,NULL,'javascript',NULL,NULL,1,'2025-12-17 19:45:34','2025-12-17 19:45:34'),(20,'لعبة الذاكرة','أنشئ لعبة الذاكرة (Memory Game) باستخدام JavaScript مع بطاقات قابلة للقلب ونظام نقاط.','web','hard',140,NULL,'javascript',NULL,NULL,1,'2025-12-17 19:45:34','2025-12-17 19:45:34'),(21,'استعلام بسيط للطلاب','اكتب استعلام SQL لاستخراج أسماء جميع الطلاب من جدول الطلاب مرتبة أبجدياً.','database','easy',30,NULL,'sql',NULL,NULL,1,'2025-12-17 19:45:34','2025-12-17 19:45:34'),(22,'انضمام جداول الطلاب والكورسات','اكتب استعلام SQL يجمع بين جداول الطلاب والكورسات لإظهار الطلاب المسجلين في كل كورس.','database','medium',55,NULL,'sql',NULL,NULL,1,'2025-12-17 19:45:34','2025-12-17 19:45:34'),(23,'إحصائيات المبيعات','اكتب استعلام SQL يحسب إجمالي المبيعات لكل منتج ويظهر أعلى 5 منتجات مبيعاً.','database','medium',70,NULL,'sql',NULL,NULL,1,'2025-12-17 19:45:34','2025-12-17 19:45:34'),(24,'تقرير معقد للمخزون','اكتب استعلامات SQL معقدة لإنشاء تقرير شامل عن حالة المخزون مع التنبؤات والإنذارات.','database','hard',120,NULL,'sql',NULL,NULL,1,'2025-12-17 19:45:34','2025-12-17 19:45:34'),(25,'Test Challenge','Test description','algorithms','easy',50,NULL,'javascript',NULL,NULL,1,'2025-12-17 19:50:04','2025-12-17 19:50:04'),(26,'Test Challenge API','Test description for API','algorithms','easy',50,NULL,NULL,NULL,NULL,1,'2025-12-17 19:51:16','2025-12-17 19:51:16'),(27,'Test','Test','algorithms','easy',10,NULL,NULL,NULL,NULL,1,'2025-12-17 19:58:48','2025-12-17 19:58:48'),(28,'dffesda','fasfasfsfa','algorithms','easy',50,NULL,'saffsasfasaf','[{\"input\": \"test\", \"expected\": \"output\"}]','asfsafsafsaffas',1,'2025-12-17 19:59:47','2025-12-17 20:12:19');
/*!40000 ALTER TABLE `challenges` ENABLE KEYS */;
UNLOCK TABLES;

--
-- Temporary table structure for view `course_stats`
--

DROP TABLE IF EXISTS `course_stats`;
/*!50001 DROP VIEW IF EXISTS `course_stats`*/;
SET @saved_cs_client     = @@character_set_client;
SET character_set_client = utf8;
/*!50001 CREATE VIEW `course_stats` AS SELECT
 1 AS `id`,
  1 AS `title`,
  1 AS `category`,
  1 AS `level`,
  1 AS `is_active`,
  1 AS `created_at`,
  1 AS `lesson_count`,
  1 AS `enrolled_users`,
  1 AS `completed_users`,
  1 AS `avg_completion_rate`,
  1 AS `total_views`,
  1 AS `assignment_count`,
  1 AS `last_activity` */;
SET character_set_client = @saved_cs_client;

--
-- Table structure for table `courses`
--

DROP TABLE IF EXISTS `courses`;
/*!40101 SET @saved_cs_client     = @@character_set_client */;
/*!40101 SET character_set_client = utf8 */;
CREATE TABLE `courses` (
  `id` int(11) unsigned NOT NULL AUTO_INCREMENT,
  `title` varchar(255) NOT NULL,
  `description` text DEFAULT NULL,
  `main_points` text DEFAULT NULL,
  `updated_at` timestamp NOT NULL DEFAULT current_timestamp() ON UPDATE current_timestamp(),
  `category` varchar(100) DEFAULT NULL,
  `logo_path` varchar(255) DEFAULT NULL,
  `created_at` timestamp NOT NULL DEFAULT current_timestamp(),
  `level` varchar(50) DEFAULT 'Beginner',
  `is_active` tinyint(1) NOT NULL DEFAULT 1,
  PRIMARY KEY (`id`),
  KEY `idx_category_active` (`category`,`is_active`,`created_at`),
  KEY `idx_level_active` (`level`,`is_active`),
  FULLTEXT KEY `idx_course_search` (`title`,`description`)
) ENGINE=InnoDB AUTO_INCREMENT=23 DEFAULT CHARSET=utf8mb4 COLLATE=utf8mb4_general_ci;
/*!40101 SET character_set_client = @saved_cs_client */;

--
-- Dumping data for table `courses`
--

LOCK TABLES `courses` WRITE;
/*!40000 ALTER TABLE `courses` DISABLE KEYS */;
INSERT INTO `courses` (`id`, `title`, `description`, `main_points`, `updated_at`, `category`, `logo_path`, `created_at`, `level`, `is_active`) VALUES (6,'react','مكتبة JavaScript لبناء واجهات المستخدم، تعلم بناء تطبيقات ويب معقدة وقابلة للتطوير.\r\n\r\nfrontend',NULL,'2025-12-05 22:21:50','frontend',NULL,'2025-10-11 20:27:44','Beginner',1),(8,'html','لغة ترميز النصوص التشعبية، العمود الفقري لأي موقع ويب. تعلم بناء الهيكل الأساسي للصفحات.',NULL,'2025-12-05 22:21:50','frontend',NULL,'2025-10-11 21:10:33','Beginner',1),(9,'c','لغة برمجة قوية ومنظمة، تعتبر أساس العديد من اللغات الحديثة. مثالية لفهم أساسيات البرمجة وهياكل البيانات.','أساسيات البرمجة والمنطق\r\nهياكل البيانات والمؤشرات\r\nإدارة الذاكرة والمكتبات\r\nمشاريع عملية وتطبيقات','2025-12-05 22:21:50','basics',NULL,'2025-10-12 19:57:14','Beginner',1),(10,'css','sadadsa','asda sda assdadas\r\nasdassdasd\r\ndassadsasadas','2025-12-05 22:21:50','basics',NULL,'2025-10-12 21:38:40','Beginner',1),(14,'ahmad','aghaa','hello','2025-12-06 19:54:55','backend','uploads/logos/logo_69348a0f9e39f2.44924036.png','2025-12-05 21:02:14','مبتدئ',1),(21,'aghaaa','moo','hmq','2025-12-06 20:52:29','backend','uploads/logos/logo_6934977771d0f3.39802466.png','2025-12-06 19:55:27','مبتدئ',1),(22,'efwfew','efeqqfqe','qefqeeqf','2025-12-06 21:01:44','basics',NULL,'2025-12-06 21:01:44','متوسط-متقدم',1);
/*!40000 ALTER TABLE `courses` ENABLE KEYS */;
UNLOCK TABLES;

--
-- Table structure for table `examples`
--

DROP TABLE IF EXISTS `examples`;
/*!40101 SET @saved_cs_client     = @@character_set_client */;
/*!40101 SET character_set_client = utf8 */;
CREATE TABLE `examples` (
  `id` int(11) unsigned NOT NULL AUTO_INCREMENT,
  `title` varchar(255) NOT NULL,
  `description` text NOT NULL,
  `category` enum('frontend','backend','mobile','algorithms') NOT NULL,
  `difficulty` enum('beginner','intermediate','advanced') NOT NULL,
  `image_url` varchar(500) DEFAULT NULL,
  `code_snippet` text NOT NULL,
  `code_language` varchar(50) NOT NULL,
  `technologies` longtext CHARACTER SET utf8mb4 COLLATE utf8mb4_bin DEFAULT NULL CHECK (json_valid(`technologies`)),
  `demo_url` varchar(500) DEFAULT NULL,
  `requires_special_env` tinyint(1) DEFAULT 0,
  `special_env_message` text DEFAULT NULL,
  `is_active` tinyint(1) DEFAULT 1,
  `created_at` timestamp NOT NULL DEFAULT current_timestamp(),
  `updated_at` timestamp NOT NULL DEFAULT current_timestamp() ON UPDATE current_timestamp(),
  PRIMARY KEY (`id`),
  KEY `idx_category` (`category`),
  KEY `idx_difficulty` (`difficulty`),
  KEY `idx_active` (`is_active`),
  KEY `idx_example_filter` (`category`,`difficulty`,`is_active`),
  KEY `idx_example_tech` (`code_language`,`is_active`)
) ENGINE=InnoDB AUTO_INCREMENT=10 DEFAULT CHARSET=utf8mb4 COLLATE=utf8mb4_general_ci;
/*!40101 SET character_set_client = @saved_cs_client */;

--
-- Dumping data for table `examples`
--

LOCK TABLES `examples` WRITE;
/*!40000 ALTER TABLE `examples` DISABLE KEYS */;
INSERT INTO `examples` (`id`, `title`, `description`, `category`, `difficulty`, `image_url`, `code_snippet`, `code_language`, `technologies`, `demo_url`, `requires_special_env`, `special_env_message`, `is_active`, `created_at`, `updated_at`) VALUES (1,'آلة حاسبة تفاعلية','آلة حاسبة تفاعلية باستخدام HTML, CSS و JavaScript مع تصميم عصري','frontend','beginner','https://images.unsplash.com/photo-1555066931-4365d14bab8c?ixlib=rb-4.0.3&auto=format&fit=crop&w=400&q=80','// دالة لإضافة الأرقام\r\nfunction addNumber(num) {\r\n    document.getElementById(\'display\').value += num;\r\n}\r\n\r\n// دالة لإجراء العمليات الحسابية\r\nfunction calculate() {\r\n    let display = document.getElementById(\'display\');\r\n    try {\r\n        display.value = eval(display.value);\r\n    } catch (e) {\r\n        display.value = \'Error\';\r\n    }\r\n}\r\n\r\n// دالة مسح الشاشة\r\nfunction clearDisplay() {\r\n    document.getElementById(\'display\').value = \'\';\r\n}','javascript','[\"HTML\",\"CSS\",\"JavaScript\"]',NULL,0,NULL,1,'2025-11-27 17:06:54','2025-11-27 17:06:54'),(2,'نظام إدارة المستخدمين','نظام لإدارة المستخدمين باستخدام Node.js و Express مع قاعدة بيانات MongoDB','backend','intermediate','https://images.unsplash.com/photo-1558494949-ef010cbdcc31?ixlib=rb-4.0.3&auto=format&fit=crop&w=400&q=80','// نموذج المستخدم في MongoDB\r\nconst userSchema = new mongoose.Schema({\r\n    name: { type: String, required: true },\r\n    email: { type: String, required: true, unique: true },\r\n    password: { type: String, required: true },\r\n    role: { type: String, default: \'user\' }\r\n});\r\n\r\n// إنشاء مستخدم جديد\r\napp.post(\'/api/users\', async (req, res) => {\r\n    try {\r\n        const user = new User(req.body);\r\n        await user.save();\r\n        res.status(201).json(user);\r\n    } catch (error) {\r\n        res.status(400).json({ error: error.message });\r\n    }\r\n});','javascript','[\"Node.js\",\"Express\",\"MongoDB\"]',NULL,0,NULL,1,'2025-11-27 17:06:54','2025-11-27 17:06:54'),(3,'تطبيق قائمة المهام','تطبيق Flutter لإدارة المهام اليومية مع إمكانية الإضافة والحذف والتعديل','mobile','beginner','https://images.unsplash.com/photo-1512941937669-90a1b58e7e9c?ixlib=rb-4.0.3&auto=format&fit=crop&w=400&q=80','// نموذج المهمة\r\nclass Task {\r\n  int id;\r\n  String title;\r\n  bool isCompleted;\r\n\r\n  Task({this.id, this.title, this.isCompleted = false});\r\n\r\n  Map<String, dynamic> toMap() {\r\n    return {\r\n      \'id\': id,\r\n      \'title\': title,\r\n      \'isCompleted\': isCompleted ? 1 : 0,\r\n    };\r\n  }\r\n}\r\n\r\n// إضافة مهمة جديدة\r\nvoid addTask(String taskTitle) {\r\n  final task = Task(title: taskTitle);\r\n  _tasks.add(task);\r\n  notifyListeners();\r\n}','dart','[\"Flutter\",\"Dart\",\"SQLite\"]',NULL,0,NULL,1,'2025-11-27 17:06:54','2025-11-27 17:06:54'),(4,'خوارزمية البحث الثنائي','تنفيذ خوارزمية البحث الثنائي في JavaScript مع شرح مفصل لكيفية عملها','algorithms','intermediate','https://images.unsplash.com/photo-1509228468518-180dd4864904?ixlib=rb-4.0.3&auto=format&fit=crop&w=400&q=80','// خوارزمية البحث الثنائي\r\nfunction binarySearch(arr, target) {\r\n    let left = 0;\r\n    let right = arr.length - 1;\r\n\r\n    while (left <= right) {\r\n        // حساب منتصف المصفوفة\r\n        let mid = Math.floor((left + right) / 2);\r\n\r\n        // إذا كان العنصر في المنتصف هو الهدف\r\n        if (arr[mid] === target) {\r\n            return mid;\r\n        }\r\n\r\n        // إذا كان الهدف أصغر، نبحث في النصف الأيسر\r\n        if (target < arr[mid]) {\r\n            right = mid - 1;\r\n        }\r\n        // إذا كان الهدف أكبر، نبحث في النصف الأيمن\r\n        else {\r\n            left = mid + 1;\r\n        }\r\n    }\r\n\r\n    // إذا لم يتم العثور على العنصر\r\n    return -1;\r\n}','javascript','[\"JavaScript\",\"\\u0627\\u0644\\u062e\\u0648\\u0627\\u0631\\u0632\\u0645\\u064a\\u0627\\u062a\"]',NULL,0,NULL,1,'2025-11-27 17:06:54','2025-11-27 17:06:54'),(5,'test','test','frontend','','','<!DOCTYPE html>\n<html lang=\"ar\" dir=\"rtl\">\n  <head>\n    <meta charset=\"UTF-8\" />\n    <meta name=\"viewport\" content=\"width=device-width, initial-scale=1.0\" />\n    <title>Navbar Only - Programming Academy</title>\n    <link\n      rel=\"stylesheet\"\n      href=\"https://cdnjs.cloudflare.com/ajax/libs/font-awesome/6.4.0/css/all.min.css\"\n    />\n    <style>\n      :root {\n        --primary: #4361ee;\n        --secondary: #3a0ca3;\n        --accent: #4cc9f0;\n        --success: #4ade80;\n        --warning: #f59e0b;\n        --danger: #ef4444;\n        --dark: #1e293b;\n        --light: #f8fafc;\n        --gray: #64748b;\n        --card-bg: #ffffff;\n        --shadow: 0 10px 15px -3px rgba(0, 0, 0, 0.1);\n        --transition: all 0.3s ease;\n        --border-radius-small: 5px;\n      }\n\n      * {\n        margin: 0;\n        padding: 0;\n        box-sizing: border-box;\n        font-family: \"Segoe UI\", Tahoma, Geneva, Verdana, sans-serif;\n      }\n\n      body {\n        background-color: var(--light);\n        color: var(--dark);\n        line-height: 1.6;\n        min-height: 100vh;\n        padding-top: 80px;\n      }\n\n      .container {\n        width: 100%;\n        max-width: 1200px;\n        margin: 0 auto;\n        padding: 0 20px;\n      }\n\n      /* Header & Navbar */\n      header {\n        background: linear-gradient(135deg, var(--primary), var(--secondary));\n        color: white;\n        position: fixed;\n        width: 100%;\n        top: 0;\n        z-index: 1000;\n        box-shadow: var(--shadow);\n      }\n\n      .navbar {\n        display: flex;\n        justify-content: space-between;\n        align-items: center;\n        padding: 1rem 2rem;\n      }\n\n      .logo {\n        display: flex;\n        align-items: center;\n        gap: 10px;\n      }\n\n      .logo-img {\n        width: 50px;\n        height: 50px;\n        background: linear-gradient(45deg, var(--accent), var(--primary));\n        border-radius: 50%;\n        display: flex;\n        align-items: center;\n        justify-content: center;\n        color: white;\n        font-size: 1.5rem;\n        animation: rotate 10s linear infinite;\n      }\n\n      @keyframes rotate {\n        0% {\n          transform: rotate(0deg);\n        }\n        100% {\n          transform: rotate(360deg);\n        }\n      }\n\n      .logo h1 {\n        font-size: 1.5rem;\n        white-space: nowrap;\n      }\n\n      .nav-links {\n        display: flex;\n        list-style: none;\n        gap: 1.5rem;\n        align-items: center;\n      }\n\n      .nav-link {\n        color: white;\n        text-decoration: none;\n        font-weight: 500;\n        padding: 0.5rem 1rem;\n        border-radius: 5px;\n        transition: var(--transition);\n        position: relative;\n        display: block;\n      }\n\n      .nav-link:hover {\n        background-color: rgba(255, 255, 255, 0.1);\n      }\n\n      .dropdown {\n        position: relative;\n      }\n\n      .dropdown-menu {\n        position: absolute;\n        top: 100%;\n        right: 0;\n        background: white;\n        min-width: 200px;\n        box-shadow: var(--shadow);\n        border-radius: 8px;\n        opacity: 0;\n        visibility: hidden;\n        transform: translateY(10px);\n        transition: var(--transition);\n        z-index: 100;\n      }\n\n      .dropdown:hover .dropdown-menu {\n        opacity: 1;\n        visibility: visible;\n        transform: translateY(0);\n      }\n\n      .dropdown-menu a {\n        display: block;\n        padding: 0.8rem 1rem;\n        color: var(--dark);\n        text-decoration: none;\n        border-bottom: 1px solid #eee;\n        transition: var(--transition);\n      }\n\n      .dropdown-menu a:hover {\n        background-color: #f5f5f5;\n        color: var(--primary);\n      }\n\n      .dropdown-menu a:last-child {\n        border-bottom: none;\n      }\n\n      .login-btn {\n        background-color: var(--accent);\n        border-radius: 50px;\n        padding: 0.5rem 1.5rem;\n      }\n\n      .login-btn:hover {\n        background-color: #3ab0d9;\n      }\n\n      /* User Profile Dropdown */\n      .user-profile {\n        position: relative;\n        display: flex;\n        align-items: center;\n        gap: 0.5rem;\n        cursor: pointer;\n      }\n\n      .user-avatar-small {\n        width: 40px;\n        height: 40px;\n        border-radius: 50%;\n        background: linear-gradient(135deg, var(--accent), var(--primary));\n        display: flex;\n        align-items: center;\n        justify-content: center;\n        color: white;\n        font-weight: bold;\n        border: 2px solid white;\n      }\n\n      .user-dropdown {\n        position: absolute;\n        top: 100%;\n        left: 0;\n        background: white;\n        min-width: 200px;\n        box-shadow: var(--shadow);\n        border-radius: 10px;\n        padding: 1rem;\n        opacity: 0;\n        visibility: hidden;\n        transform: translateY(10px);\n        transition: var(--transition);\n        z-index: 1000;\n      }\n\n      .user-profile:hover .user-dropdown {\n        opacity: 1;\n        visibility: visible;\n        transform: translateY(0);\n      }\n\n      .user-info {\n        display: flex;\n        align-items: center;\n        gap: 0.5rem;\n        padding-bottom: 0.5rem;\n        border-bottom: 1px solid #eee;\n        margin-bottom: 0.5rem;\n      }\n\n      .user-name {\n        font-weight: 600;\n        color: var(--dark);\n      }\n\n      .user-email {\n        font-size: 0.8rem;\n        color: var(--gray);\n      }\n\n      .logout-btn {\n        background: var(--danger);\n        color: white;\n        border: none;\n        padding: 0.5rem 1rem;\n        border-radius: var(--border-radius-small);\n        cursor: pointer;\n        width: 100%;\n        transition: var(--transition);\n      }\n\n      .logout-btn:hover {\n        background: #dc2626;\n      }\n\n      /* ============================================\n         MOBILE MENU STYLES\n         ============================================ */\n\n      .mobile-menu-btn {\n        display: none;\n        flex-direction: column;\n        cursor: pointer;\n        z-index: 1001;\n      }\n\n      .mobile-menu-btn span {\n        width: 25px;\n        height: 3px;\n        background: white;\n        margin: 3px 0;\n        transition: var(--transition);\n      }\n\n      .mobile-menu-btn.active span:nth-child(1) {\n        transform: rotate(45deg) translate(5px, 5px);\n      }\n\n      .mobile-menu-btn.active span:nth-child(2) {\n        opacity: 0;\n      }\n\n      .mobile-menu-btn.active span:nth-child(3) {\n        transform: rotate(-45deg) translate(7px, -6px);\n      }\n\n      /* Mobile Menu Overlay */\n      .mobile-menu-overlay {\n        position: fixed;\n        top: 0;\n        right: 0;\n        width: 100%;\n        height: 100%;\n        background: rgba(0, 0, 0, 0.7);\n        z-index: 999;\n        opacity: 0;\n        visibility: hidden;\n        transition: var(--transition);\n      }\n\n      .mobile-menu-overlay.active {\n        opacity: 1;\n        visibility: visible;\n      }\n\n      .mobile-nav-links {\n        position: fixed;\n        top: 0;\n        right: -100%;\n        width: 80%;\n        max-width: 300px;\n        height: 100%;\n        background: white;\n        padding: 2rem;\n        overflow-y: auto;\n        transition: var(--transition);\n        z-index: 1000;\n        box-shadow: -5px 0 15px rgba(0, 0, 0, 0.1);\n      }\n\n      .mobile-nav-links.active {\n        right: 0;\n      }\n\n      .mobile-nav-header {\n        display: flex;\n        justify-content: space-between;\n        align-items: center;\n        margin-bottom: 2rem;\n        padding-bottom: 1rem;\n        border-bottom: 1px solid #eee;\n      }\n\n      .mobile-nav-header h2 {\n        color: var(--primary);\n      }\n\n      .close-mobile-menu {\n        background: none;\n        border: none;\n        font-size: 1.5rem;\n        color: var(--dark);\n        cursor: pointer;\n      }\n\n      .mobile-nav-links ul {\n        list-style: none;\n      }\n\n      .mobile-nav-links li {\n        margin-bottom: 1rem;\n      }\n\n      .mobile-nav-links a {\n        display: block;\n        padding: 0.8rem 1rem;\n        color: var(--dark);\n        text-decoration: none;\n        border-radius: 5px;\n        transition: var(--transition);\n      }\n\n      .mobile-nav-links a:hover {\n        background-color: #f0f4ff;\n        color: var(--primary);\n      }\n\n      .mobile-dropdown {\n        position: relative;\n      }\n\n      .mobile-dropdown-toggle {\n        display: flex;\n        justify-content: space-between;\n        align-items: center;\n        cursor: pointer;\n        padding: 0.8rem 1rem;\n        color: var(--dark);\n        text-decoration: none;\n        border-radius: 5px;\n        transition: var(--transition);\n      }\n\n      .mobile-dropdown-toggle:hover {\n        background-color: #f0f4ff;\n        color: var(--primary);\n      }\n\n      .mobile-dropdown-menu {\n        max-height: 0;\n        overflow: hidden;\n        transition: max-height 0.3s ease;\n        padding-right: 1rem;\n      }\n\n      .mobile-dropdown-menu.active {\n        max-height: 500px;\n      }\n\n      .mobile-dropdown-menu a {\n        padding: 0.6rem 1rem;\n        font-size: 0.9rem;\n        border-bottom: 1px solid #f0f0f0;\n        color: var(--dark);\n      }\n\n      .user-profile-mobile {\n        display: flex;\n        flex-direction: column;\n        gap: 1rem;\n        padding: 1rem;\n\n        border-radius: 10px;\n        margin-top: 1rem;\n      }\n\n      .user-info-mobile {\n        display: flex;\n        align-items: center;\n        gap: 0.5rem;\n      }\n\n      /* Responsive Design */\n      @media (max-width: 992px) {\n        .nav-links {\n          display: none;\n        }\n\n        .mobile-menu-btn {\n          display: flex;\n        }\n\n        .mobile-nav-links.active {\n          right: 0;\n        }\n\n        .dropdown-content {\n          position: static;\n          opacity: 1;\n          visibility: visible;\n          transform: none;\n          box-shadow: none;\n          background: rgba(67, 97, 238, 0.05);\n          margin-top: 0.5rem;\n          border-radius: 8px;\n        }\n      }\n\n      @media (max-width: 768px) {\n        .navbar {\n          padding: 1rem;\n        }\n\n        .logo h1 {\n          font-size: 1rem;\n        }\n      }\n\n      /* Demo Content */\n      .demo-content {\n        text-align: center;\n        padding: 2rem;\n      }\n\n      .demo-content h1 {\n        color: var(--primary);\n        margin-bottom: 1rem;\n      }\n\n      .demo-content p {\n        font-size: 1.1rem;\n        color: var(--dark);\n        margin-bottom: 2rem;\n      }\n\n      .demo-info {\n        background: white;\n        border-radius: 10px;\n        padding: 2rem;\n        box-shadow: var(--shadow);\n        max-width: 600px;\n        margin: 0 auto;\n      }\n\n      .demo-info h2 {\n        color: var(--primary);\n        margin-bottom: 1rem;\n      }\n\n      .demo-info ul {\n        text-align: right;\n        list-style: none;\n      }\n\n      .demo-info li {\n        padding: 0.5rem 0;\n        border-bottom: 1px solid #eee;\n      }\n\n      .demo-info li:last-child {\n        border-bottom: none;\n      }\n\n      .demo-info li i {\n        margin-left: 10px;\n        color: var(--accent);\n      }\n    </style>\n  </head>\n  <body>\n    <!-- Navbar -->\n    <header>\n      <nav class=\"navbar\">\n        <div class=\"logo\">\n          <div class=\"logo-img\">\n            <i class=\"fas fa-code\"></i>\n          </div>\n          <h1>أكاديمية البرمجة المتكاملة</h1>\n        </div>\n\n        <ul class=\"nav-links\">\n          <li><a href=\"index.html\" class=\"nav-link\">الرئيسية</a></li>\n          <li class=\"dropdown\">\n            <a href=\"#\" class=\"nav-link\"\n              >تعلم الآن <i class=\"fas fa-chevron-down\"></i\n            ></a>\n            <div class=\"dropdown-menu\">\n              <a href=\"examples.html\">أمثلة وتطبيقات وشروحات</a>\n              <a href=\"#\">التحديات البرمجية</a>\n              <a href=\"proplemsolving.html\">مواقع حل المشاكل البرمجية</a>\n            </div>\n          </li>\n          <li><a href=\"./roadmap.html\" class=\"nav-link\">خارطة الطريق</a></li>\n          <li class=\"dropdown\">\n            <a href=\"#\" class=\"nav-link\"\n              >الكورسات <i class=\"fas fa-chevron-down\"></i\n            ></a>\n            <div class=\"dropdown-menu\">\n              <a href=\"path.php?path=basics\">مسار أساسيات البرمجة</a>\n              <a href=\"path.php?path=frontend\">مسار Frontend Developer</a>\n              <a href=\"path.php?path=backend\">مسار Backend Developer</a>\n            </div>\n          </li>\n          <li>\n            <a href=\"./projects.html\" class=\"nav-link\">التكليفات والمشاريع</a>\n          </li>\n          <li class=\"user-profile\" id=\"userProfile\" style=\"display: none\">\n            <div class=\"user-avatar-small\" id=\"userAvatarSmall\">م</div>\n            <div class=\"user-dropdown\">\n              <div class=\"user-info\">\n                <div class=\"user-avatar-small\" id=\"dropdownAvatar\">م</div>\n                <div>\n                  <div class=\"user-name\" id=\"dropdownUserName\"></div>\n                  <div class=\"user-email\" id=\"dropdownUserEmail\"></div>\n                </div>\n              </div>\n              <a\n                href=\"profile.html\"\n                class=\"nav-link\"\n                style=\"\n                  display: block;\n                  text-align: right;\n                  margin-bottom: 0.5rem;\n                  color: black;\n                  font-size: large;\n                \"\n                ><i\n                  class=\"fas fa-user-circle profile-icon\"\n                  style=\"margin-left: 10%\"\n                ></i\n                >الملف الشخصي</a\n              >\n              <button class=\"logout-btn\" id=\"logoutBtn\">تسجيل الخروج</button>\n            </div>\n          </li>\n          <li id=\"loginButton\">\n            <a href=\"./login1.html\" class=\"nav-link login-btn\">تسجيل الدخول</a>\n          </li>\n        </ul>\n\n        <div class=\"mobile-menu-btn\" id=\"mobileMenuBtn\">\n          <span></span>\n          <span></span>\n          <span></span>\n        </div>\n      </nav>\n    </header>\n\n    <!-- Mobile Menu Overlay -->\n    <div class=\"mobile-menu-overlay\" id=\"mobileMenuOverlay\"></div>\n\n    <!-- Mobile Navigation -->\n    <div class=\"mobile-nav-links\" id=\"mobileNavLinks\">\n      <div class=\"mobile-nav-header\">\n        <h2>القائمة</h2>\n      </div>\n      <ul>\n        <li><a href=\"index.html\" class=\"nav-link\">الرئيسية</a></li>\n        <li class=\"mobile-dropdown\">\n          <div class=\"mobile-dropdown-toggle\">\n            <a href=\"#\" class=\"nav-link\">تعلم الآن</a>\n            <i class=\"fas fa-chevron-down\"></i>\n          </div>\n          <div class=\"mobile-dropdown-menu\">\n            <a href=\"examples.html\">أمثلة وتطبيقات وشروحات</a>\n            <a href=\"#\">التحديات البرمجية</a>\n            <a href=\"proplemsolving.html\">مواقع حل المشاكل البرمجية</a>\n          </div>\n        </li>\n        <li><a href=\"./roadmap.html\" class=\"nav-link\">خارطة الطريق</a></li>\n        <li class=\"mobile-dropdown\">\n          <div class=\"mobile-dropdown-toggle\">\n            <a href=\"#\" class=\"nav-link\">الكورسات</a>\n            <i class=\"fas fa-chevron-down\"></i>\n          </div>\n          <div class=\"mobile-dropdown-menu\">\n            <a href=\"path.php?path=basics\">مسار أساسيات البرمجة</a>\n            <a href=\"path.php?path=frontend\">مسار Frontend Developer</a>\n            <a href=\"path.php?path=backend\">مسار Backend Developer</a>\n          </div>\n        </li>\n        <li><a href=\"#\" class=\"nav-link\">التكليفات والمشاريع</a></li>\n        <li\n          class=\"user-profile-mobile\"\n          id=\"userProfileMobile\"\n          style=\"display: none\"\n        >\n          <div class=\"user-info-mobile\">\n            <div class=\"user-avatar-small\" id=\"mobileAvatar\"></div>\n            <div>\n              <div class=\"user-name\" id=\"mobileUserName\"></div>\n              <div class=\"user-email\" id=\"mobileUserEmail\"></div>\n            </div>\n          </div>\n          <a href=\"profile.html\" class=\"nav-link\">\n            <i class=\"fas fa-user-circle\"></i> الملف الشخصي\n          </a>\n          <button class=\"logout-btn\" id=\"mobileLogoutBtn\">تسجيل الخروج</button>\n        </li>\n        <li id=\"loginButtonMobile\">\n          <a href=\"login1.html\" class=\"nav-link login-btn\">تسجيل الدخول</a>\n        </li>\n      </ul>\n    </div>\n\n    <!-- Demo Content -->\n    <div class=\"container\">\n      <div class=\"demo-content\">\n        <h1>Navbar Demo</h1>\n        <p>هذه الصفحة تحتوي على navbar فقط من صفحة حل المشاكل البرمجية</p>\n\n        <div class=\"demo-info\">\n          <h2>المميزات:</h2>\n          <ul>\n            <li><i class=\"fas fa-desktop\"></i> تصميم متجاوب للشاشات الكبيرة</li>\n            <li>\n              <i class=\"fas fa-mobile-alt\"></i> قائمة متحركة للأجهزة المحمولة\n            </li>\n            <li><i class=\"fas fa-user\"></i> نظام إدارة المستخدمين</li>\n            <li><i class=\"fas fa-bars\"></i> قوائم منسدلة تفاعلية</li>\n            <li><i class=\"fas fa-language\"></i> دعم اللغة العربية (RTL)</li>\n            <li><i class=\"fas fa-palette\"></i> تصميم حديث وأنيق</li>\n          </ul>\n        </div>\n      </div>\n    </div>\n\n    <script>\n      // Initialize user interface on page load\n      document.addEventListener(\"DOMContentLoaded\", function () {\n        updateUserInterface();\n\n        // Mobile Menu Toggle\n        const mobileMenuBtn = document.getElementById(\"mobileMenuBtn\");\n        const mobileMenuOverlay = document.getElementById(\"mobileMenuOverlay\");\n        const mobileNavLinks = document.getElementById(\"mobileNavLinks\");\n\n        function toggleMobileMenu() {\n          const isActive = mobileMenuBtn.classList.contains(\"active\");\n          if (isActive) {\n            closeMobileMenuFunc();\n          } else {\n            openMobileMenu();\n          }\n        }\n\n        function openMobileMenu() {\n          mobileMenuBtn.classList.add(\"active\");\n          mobileMenuOverlay.classList.add(\"active\");\n          mobileNavLinks.classList.add(\"active\");\n          document.body.style.overflow = \"hidden\";\n        }\n\n        function closeMobileMenuFunc() {\n          mobileMenuBtn.classList.remove(\"active\");\n          mobileMenuOverlay.classList.remove(\"active\");\n          mobileNavLinks.classList.remove(\"active\");\n          document.body.style.overflow = \"auto\";\n        }\n\n        if (mobileMenuBtn) {\n          mobileMenuBtn.addEventListener(\"click\", toggleMobileMenu);\n        }\n        if (mobileMenuOverlay) {\n          mobileMenuOverlay.addEventListener(\"click\", closeMobileMenuFunc);\n        }\n\n        // Mobile Dropdown Toggle\n        document\n          .querySelectorAll(\".mobile-dropdown-toggle\")\n          .forEach((toggle) => {\n            toggle.addEventListener(\"click\", function (e) {\n              e.preventDefault();\n              const menu = this.nextElementSibling;\n              const icon = this.querySelector(\"i\");\n              menu.classList.toggle(\"active\");\n              if (menu.classList.contains(\"active\")) {\n                icon.classList.remove(\"fa-chevron-down\");\n                icon.classList.add(\"fa-chevron-up\");\n              } else {\n                icon.classList.remove(\"fa-chevron-up\");\n                icon.classList.add(\"fa-chevron-down\");\n              }\n            });\n          });\n\n        // Mobile Logout\n        const mobileLogoutBtn = document.getElementById(\"mobileLogoutBtn\");\n        if (mobileLogoutBtn) {\n          mobileLogoutBtn.addEventListener(\"click\", function () {\n            closeMobileMenuFunc(); // Close menu first\n            const currentUser = JSON.parse(localStorage.getItem(\"currentUser\"));\n            if (currentUser) {\n              currentUser.isLoggedIn = false;\n              localStorage.setItem(\"currentUser\", JSON.stringify(currentUser));\n            }\n            localStorage.removeItem(\"userData\");\n            updateUserInterface();\n            showNotification(\"تم تسجيل الخروج بنجاح!\", \"success\");\n          });\n        }\n\n        // Dropdown hover functionality\n        const userProfile = document.getElementById(\"userProfile\");\n        const userDropdown = document.querySelector(\".user-dropdown\");\n        let dropdownTimeout;\n\n        function showDropdown() {\n          clearTimeout(dropdownTimeout);\n          if (userDropdown) {\n            userDropdown.style.opacity = \"1\";\n            userDropdown.style.visibility = \"visible\";\n            userDropdown.style.transform = \"translateY(0)\";\n          }\n        }\n\n        function hideDropdown() {\n          dropdownTimeout = setTimeout(() => {\n            if (userDropdown) {\n              userDropdown.style.opacity = \"0\";\n              userDropdown.style.visibility = \"hidden\";\n              userDropdown.style.transform = \"translateY(10px)\";\n            }\n          }, 150); // Small delay to allow moving between elements\n        }\n\n        if (userProfile) {\n          userProfile.addEventListener(\"mouseenter\", showDropdown);\n          userProfile.addEventListener(\"mouseleave\", hideDropdown);\n        }\n\n        if (userDropdown) {\n          userDropdown.addEventListener(\"mouseenter\", showDropdown);\n          userDropdown.addEventListener(\"mouseleave\", hideDropdown);\n        }\n\n        // Logout functionality\n        const logoutBtn = document.getElementById(\"logoutBtn\");\n        if (logoutBtn) {\n          logoutBtn.addEventListener(\"click\", function () {\n            const currentUser = JSON.parse(localStorage.getItem(\"currentUser\"));\n            if (currentUser) {\n              currentUser.isLoggedIn = false;\n              localStorage.setItem(\"currentUser\", JSON.stringify(currentUser));\n            }\n            localStorage.removeItem(\"userData\");\n            updateUserInterface();\n            showNotification(\"تم تسجيل الخروج بنجاح!\", \"success\");\n          });\n        }\n      });\n    </script>\n  </body>\n</html>\n','html','[\"html\",\"css\"]','',0,'',1,'2025-11-27 18:19:11','2025-12-06 21:07:55'),(9,'sasad','sdasasd','frontend','','','fqfwqqw','dsads','[]','https://www.youtube.com/playlist?list=PLknwEmKsW8Ov6JLhkIO1pOdHHCjdCq-PJ',0,'',1,'2025-12-06 21:12:00','2025-12-06 21:23:21');
/*!40000 ALTER TABLE `examples` ENABLE KEYS */;
UNLOCK TABLES;

--
-- Table structure for table `lessons`
--

DROP TABLE IF EXISTS `lessons`;
/*!40101 SET @saved_cs_client     = @@character_set_client */;
/*!40101 SET character_set_client = utf8 */;
CREATE TABLE `lessons` (
  `id` int(11) NOT NULL AUTO_INCREMENT,
  `course_id` int(11) unsigned NOT NULL,
  `title` varchar(255) NOT NULL,
  `description` text DEFAULT NULL,
  `sort_order` int(11) DEFAULT 0,
  `video_data` longblob NOT NULL,
  `video_mime` varchar(255) NOT NULL,
  `resources_code` text DEFAULT NULL COMMENT 'Code snippets and resources for this lesson',
  `created_at` timestamp NOT NULL DEFAULT current_timestamp(),
  `updated_at` timestamp NOT NULL DEFAULT current_timestamp() ON UPDATE current_timestamp(),
  `views` int(11) NOT NULL DEFAULT 0,
  PRIMARY KEY (`id`),
  KEY `idx_course_lessons` (`course_id`,`sort_order`),
  KEY `idx_lesson_views` (`views`),
  KEY `idx_course_active` (`course_id`,`created_at`),
  CONSTRAINT `lessons_ibfk_1` FOREIGN KEY (`course_id`) REFERENCES `courses` (`id`) ON DELETE CASCADE
) ENGINE=InnoDB AUTO_INCREMENT=51 DEFAULT CHARSET=utf8mb4 COLLATE=utf8mb4_general_ci;
/*!40101 SET character_set_client = @saved_cs_client */;

--
-- Dumping data for table `lessons`
--

LOCK TABLES `lessons` WRITE;
/*!40000 ALTER TABLE `lessons` DISABLE KEYS */;
INSERT INTO `lessons` (`id`, `course_id`, `title`, `description`, `sort_order`, `video_data`, `video_mime`, `resources_code`, `created_at`, `updated_at`, `views`) VALUES (6,6,'16_ ال Authentication(720P_60FPS)',' 1Authentication',1,'videos/frontend/react/lesson_6_6934950221ffc.mp4','video/mp4','wqddddffqw','2025-10-11 21:08:33','2025-12-06 20:41:38',0),(7,6,'17.1_ تحدي ال Authentication(720P_60FPS)',' تحدي الAuthentication',2,'videos\\frontend\\react\\video_68eac751686462.99648633.mp4','video/mp4','dddd','2025-10-11 21:08:33','2025-12-06 20:27:09',0),(8,8,'17.2_ حل تحدي ال Authentication(720P_60FPS)','',1,'videos\\frontend\\html\\video_68eac7c9747733.56253928.mp4','video/mp4',NULL,'2025-10-11 21:10:33','2025-12-06 20:25:46',0),(9,8,'17_ ال Authentication في جافاسكريبت(720P_60FPS)','',2,'videos\\frontend\\html\\video_68eac7c974d3e7.54987292.mp4','video/mp4',NULL,'2025-10-11 21:10:33','2025-12-06 20:25:46',0),(10,8,'18_ المشروع النهائي _ مقدمة _ ماهو المشروع؟ _ طريقة العمل(720P_60FPS)','',3,'videos\\frontend\\html\\video_68eac7c9755033.33876624.mp4','video/mp4',NULL,'2025-10-11 21:10:33','2025-12-06 20:25:46',0),(11,8,'16_ ال Authentication(720P_60FPS)','',4,'videos\\frontend\\html\\video_68eaca0d9e3ab9.81027761.mp4','video/mp4',NULL,'2025-10-11 21:20:13','2025-12-06 20:25:46',0),(12,8,'17.1_ تحدي ال Authentication(720P_60FPS)','',5,'videos\\frontend\\html\\video_68eaca0d9e9d12.78883036.mp4','video/mp4',NULL,'2025-10-11 21:20:13','2025-12-06 20:25:46',0),(13,9,'Screen Recording 2025-08-03 175323','Screen Recording',2,'videos\\basics\\c\\lesson_68ec081a892a88.84757626.mp4','video/mp4',NULL,'2025-10-12 19:57:14','2025-12-06 20:25:46',0),(14,9,'Screen Recording 2025-08-23 224033','Screen Recording',1,'videos\\basics\\c\\lesson_68ec081a8974f0.28303605.mp4','video/mp4','','2025-10-12 19:57:14','2025-12-06 20:25:46',0),(15,10,'darth-vader-the-dark-lord-star-wars-moewalls-com','darth-vader-the-dark-lord-star-wars-moewalls-com',1,'videos\\basics\\10\\lesson_68ec1fe0cf1fc0.20635941.mp4','video/mp4',NULL,'2025-10-12 21:38:40','2025-12-06 20:25:46',0),(36,10,'darth-vader-the-dark-lord-star-wars-moewalls-com','afafafa',2,'videos\\basics\\10\\lesson_68fbdb0dd218e5.12108151.mp4','video/mp4','afafdasfa','2025-10-24 20:01:17','2025-12-06 20:25:46',0),(37,10,'darth-vader-the-dark-lord-star-wars-moewalls-com','afafafa',3,'videos\\basics\\10\\lesson_68fbe4280d4308.87124867.mp4','video/mp4','afafdasfa','2025-10-24 20:40:08','2025-12-06 20:25:46',0),(38,10,'video_68eac7c9755033.33876624','',4,'videos\\basics\\10\\lesson_68fbe46c9462c9.25494618.mp4','video/mp4','jkjjkjlklk\r\nll;','2025-10-24 20:41:16','2025-12-06 20:25:46',0),(42,14,'video_68eac7c9755033.33876624','asdasda',1,'videos\\backend\\14\\lesson_6933485622cd76.65382644.mp4','video/mp4','asdasda','2025-12-05 21:02:14','2025-12-06 20:25:46',0),(43,14,'video_68eac7c9755033.33876624','regre',2,'videos\\backend\\14\\lesson_69335ce00a4ec3.05125360.mp4','video/mp4','gegre','2025-12-05 22:29:52','2025-12-06 20:25:46',0),(44,21,'video_68eac7c9755033.33876624','assfd',1,'videos\\backend\\21\\lesson_69348a2fb8ff39.00282704.mp4','video/mp4','safafs','2025-12-06 19:55:27','2025-12-06 20:25:46',0),(45,6,'video_68eac7c9755033.33876624','ewewge',0,'videos\\frontend\\6\\lesson_6934967576f462.74422397.mp4','video/mp4','gewgew','2025-12-06 20:47:49','2025-12-06 20:47:49',0),(46,6,'[Witanime.com] D2S EP 01 FHD','fqw',3,'videos\\frontend\\6\\lesson_693497391f2ac7.78166929.mp4','video/mp4','wqfwqf','2025-12-06 20:51:05','2025-12-06 20:51:05',0),(47,22,'darth-vader-the-dark-lord-star-wars-moewalls-com','feqf',1,'videos\\basics\\22\\lesson_693499b896ff53.99541145.mp4','video/mp4','qeqeeq','2025-12-06 21:01:44','2025-12-06 21:01:44',0),(48,8,'video_68eac7c9755033.33876624','asfas',6,'videos\\frontend\\8\\lesson_6948486131c5b3.18275395.mp4','video/mp4','fasfasasf','2025-12-21 19:20:01','2025-12-21 19:20:01',0),(49,8,'darth-vader-the-dark-lord-star-wars-moewalls-com','sadsadasd',7,'videos\\frontend\\8\\lesson_6948486cbb5269.29613256.mp4','video/mp4','sadasd','2025-12-21 19:20:12','2025-12-21 19:20:12',0),(50,8,'asdsa','sadasdasd',8,'videos\\frontend\\8\\lesson_694848900f2fc6.94284709.mp4','video/mp4','asdasddas','2025-12-21 19:20:48','2025-12-21 19:20:48',0);
/*!40000 ALTER TABLE `lessons` ENABLE KEYS */;
UNLOCK TABLES;

--
-- Table structure for table `password_resets`
--

DROP TABLE IF EXISTS `password_resets`;
/*!40101 SET @saved_cs_client     = @@character_set_client */;
/*!40101 SET character_set_client = utf8 */;
CREATE TABLE `password_resets` (
  `id` int(11) NOT NULL AUTO_INCREMENT,
  `email` varchar(255) NOT NULL,
  `token` varchar(255) NOT NULL,
  `expires_at` datetime NOT NULL,
  `created_at` timestamp NOT NULL DEFAULT current_timestamp(),
  PRIMARY KEY (`id`),
  UNIQUE KEY `token` (`token`),
  KEY `idx_reset_expiry` (`expires_at`),
  KEY `idx_reset_email` (`email`,`expires_at`)
) ENGINE=InnoDB AUTO_INCREMENT=10 DEFAULT CHARSET=utf8mb4 COLLATE=utf8mb4_general_ci;
/*!40101 SET character_set_client = @saved_cs_client */;

--
-- Dumping data for table `password_resets`
--

LOCK TABLES `password_resets` WRITE;
/*!40000 ALTER TABLE `password_resets` DISABLE KEYS */;
INSERT INTO `password_resets` (`id`, `email`, `token`, `expires_at`, `created_at`) VALUES (9,'aghaa003@gmail.com','5eeee849a970a9906d5b336fe78b4a8a9a5e73309a063e44a5ee5465f161eb80','2025-12-19 22:37:26','2025-12-19 20:37:26');
/*!40000 ALTER TABLE `password_resets` ENABLE KEYS */;
UNLOCK TABLES;

--
-- Table structure for table `platform_bookmarks`
--

DROP TABLE IF EXISTS `platform_bookmarks`;
/*!40101 SET @saved_cs_client     = @@character_set_client */;
/*!40101 SET character_set_client = utf8 */;
CREATE TABLE `platform_bookmarks` (
  `id` int(11) NOT NULL AUTO_INCREMENT,
  `user_id` int(11) NOT NULL,
  `platform_id` int(11) NOT NULL,
  `created_at` timestamp NOT NULL DEFAULT current_timestamp(),
  PRIMARY KEY (`id`),
  UNIQUE KEY `unique_user_bookmark` (`user_id`,`platform_id`),
  KEY `platform_id` (`platform_id`),
  CONSTRAINT `platform_bookmarks_ibfk_1` FOREIGN KEY (`user_id`) REFERENCES `users` (`id`) ON DELETE CASCADE,
  CONSTRAINT `platform_bookmarks_ibfk_2` FOREIGN KEY (`platform_id`) REFERENCES `platforms` (`id`) ON DELETE CASCADE
) ENGINE=InnoDB AUTO_INCREMENT=19 DEFAULT CHARSET=utf8mb4 COLLATE=utf8mb4_general_ci;
/*!40101 SET character_set_client = @saved_cs_client */;

--
-- Dumping data for table `platform_bookmarks`
--

LOCK TABLES `platform_bookmarks` WRITE;
/*!40000 ALTER TABLE `platform_bookmarks` DISABLE KEYS */;
INSERT INTO `platform_bookmarks` (`id`, `user_id`, `platform_id`, `created_at`) VALUES (13,1,26,'2025-10-29 20:01:30'),(15,1,27,'2025-10-29 20:27:53'),(18,1,29,'2025-12-22 20:12:30');
/*!40000 ALTER TABLE `platform_bookmarks` ENABLE KEYS */;
UNLOCK TABLES;

--
-- Table structure for table `platform_ratings`
--

DROP TABLE IF EXISTS `platform_ratings`;
/*!40101 SET @saved_cs_client     = @@character_set_client */;
/*!40101 SET character_set_client = utf8 */;
CREATE TABLE `platform_ratings` (
  `id` int(11) NOT NULL AUTO_INCREMENT,
  `user_id` int(11) NOT NULL,
  `platform_id` int(11) NOT NULL,
  `rating` int(11) DEFAULT NULL CHECK (`rating` >= 1 and `rating` <= 5),
  `created_at` timestamp NOT NULL DEFAULT current_timestamp(),
  PRIMARY KEY (`id`),
  UNIQUE KEY `unique_user_platform` (`user_id`,`platform_id`),
  KEY `idx_platform_avg_rating` (`platform_id`,`rating`),
  CONSTRAINT `platform_ratings_ibfk_1` FOREIGN KEY (`user_id`) REFERENCES `users` (`id`) ON DELETE CASCADE,
  CONSTRAINT `platform_ratings_ibfk_2` FOREIGN KEY (`platform_id`) REFERENCES `platforms` (`id`) ON DELETE CASCADE
) ENGINE=InnoDB AUTO_INCREMENT=11 DEFAULT CHARSET=utf8mb4 COLLATE=utf8mb4_general_ci;
/*!40101 SET character_set_client = @saved_cs_client */;

--
-- Dumping data for table `platform_ratings`
--

LOCK TABLES `platform_ratings` WRITE;
/*!40000 ALTER TABLE `platform_ratings` DISABLE KEYS */;
INSERT INTO `platform_ratings` (`id`, `user_id`, `platform_id`, `rating`, `created_at`) VALUES (4,1,26,4,'2025-11-28 21:21:23'),(9,1,27,4,'2025-11-30 19:23:30');
/*!40000 ALTER TABLE `platform_ratings` ENABLE KEYS */;
UNLOCK TABLES;

--
-- Temporary table structure for view `platform_statistics`
--

DROP TABLE IF EXISTS `platform_statistics`;
/*!50001 DROP VIEW IF EXISTS `platform_statistics`*/;
SET @saved_cs_client     = @@character_set_client;
SET character_set_client = utf8;
/*!50001 CREATE VIEW `platform_statistics` AS SELECT
 1 AS `id`,
  1 AS `name`,
  1 AS `description`,
  1 AS `url`,
  1 AS `category`,
  1 AS `level`,
  1 AS `language`,
  1 AS `logo_url`,
  1 AS `is_active`,
  1 AS `bookmark_count`,
  1 AS `rating_count`,
  1 AS `avg_rating`,
  1 AS `problem_count`,
  1 AS `user_count`,
  1 AS `features` */;
SET character_set_client = @saved_cs_client;

--
-- Table structure for table `platforms`
--

DROP TABLE IF EXISTS `platforms`;
/*!40101 SET @saved_cs_client     = @@character_set_client */;
/*!40101 SET character_set_client = utf8 */;
CREATE TABLE `platforms` (
  `id` int(11) NOT NULL AUTO_INCREMENT,
  `name` varchar(100) NOT NULL,
  `description` text DEFAULT NULL,
  `url` varchar(255) NOT NULL,
  `category` enum('global','arabic') DEFAULT 'global',
  `level` enum('beginner','intermediate','advanced') DEFAULT 'beginner',
  `language` enum('english','arabic','both') DEFAULT 'english',
  `rating` decimal(3,2) DEFAULT 0.00,
  `user_count` int(11) DEFAULT 0,
  `problem_count` int(11) DEFAULT 0,
  `features` longtext CHARACTER SET utf8mb4 COLLATE utf8mb4_bin DEFAULT NULL CHECK (json_valid(`features`)),
  `logo_url` varchar(255) DEFAULT NULL,
  `is_active` tinyint(1) DEFAULT 1,
  `created_at` timestamp NOT NULL DEFAULT current_timestamp(),
  PRIMARY KEY (`id`),
  KEY `idx_platform_filter` (`category`,`level`,`language`,`is_active`),
  KEY `idx_platform_rating` (`rating`,`user_count`)
) ENGINE=InnoDB AUTO_INCREMENT=37 DEFAULT CHARSET=utf8mb4 COLLATE=utf8mb4_general_ci;
/*!40101 SET character_set_client = @saved_cs_client */;

--
-- Dumping data for table `platforms`
--

LOCK TABLES `platforms` WRITE;
/*!40000 ALTER TABLE `platforms` DISABLE KEYS */;
INSERT INTO `platforms` (`id`, `name`, `description`, `url`, `category`, `level`, `language`, `rating`, `user_count`, `problem_count`, `features`, `logo_url`, `is_active`, `created_at`) VALUES (3,'برمج','منصة عربية تهدف إلى تطوير مهارات البرمجة لدى الناطقين بالعربية من خلال التحديات البرمجية والمسابقات.','https://barmej.com','arabic','beginner','arabic',0.00,100000,500,'[\"عربي\", \"مسابقات\", \"مبتدئين\"]','',1,'2025-10-26 19:33:25'),(6,'مدرسة','منصة عربية تقدم محتوى تعليمي مجاني في البرمجة وتتضمن تحديات برمجية للمبتدئين باللغة العربية.','https://madrasa.org','arabic','beginner','arabic',0.00,500000,300,'[\"عربي\", \"مجاني\", \"مبتدئين\"]','',1,'2025-10-26 19:33:25'),(26,'LeeetCode','منصة رائدة في تحضير مقابلات العمل التقنية، تحتوي على آلاف المشاكل البرمجية مع حلول مفصلة ومناقشات.','https://leetcode.com','global','advanced','english',4.00,5000000,2000,'[\"\\u0645\\u0642\\u0627\\u0628\\u0644\\u0627\\u062a \\u0627\\u0644\\u0639\\u0645\\u0644\",\"\\u062e\\u0648\\u0627\\u0631\\u0632\\u0645\\u064a\\u0627\\u062a\",\"\\u0647\\u064a\\u0627\\u0643\\u0644 \\u0627\\u0644\\u0628\\u064a\\u0627\\u0646\\u0627\\u062a\"]','',1,'2025-10-29 19:38:13'),(27,'HackerRank','منصة شاملة للمبرمجين من جميع المستويات، تقدم تحديات برمجية ومسابقات وفرص عمل مع الشركات العالمية.','https://hackerrank.com','global','beginner','english',4.00,7000000,1500,'[\"مسابقات\", \"تحديات\", \"فرص عمل\"]','',1,'2025-10-29 19:38:13'),(29,'Codeforces','منصة تنافسية للمبرمجين المحترفين، تشتهر بمسابقاتها المنتظمة ومجتمعها النشط في حل المشكلات الخوارزمية.','https://codeforces.com','global','advanced','english',0.00,1000000,3000,'[\"مسابقات\", \"خوارزميات\", \"متقدمين\"]','',1,'2025-10-29 19:38:13'),(30,'Codewars','منصة فريدة تقدم تحديات برمجية تسمى \"كاتا\" لتحسين مهاراتك من خلال الممارسة والتعلم من حلول الآخرين.','https://codewars.com','global','intermediate','english',0.00,3000000,2000,'[\"\\u0643\\u0627\\u062a\\u0627\",\"\\u0645\\u062c\\u062a\\u0645\\u0639\",\"\\u0645\\u0633\\u062a\\u0648\\u064a\\u0627\\u062a\"]','',1,'2025-10-29 19:38:13');
/*!40000 ALTER TABLE `platforms` ENABLE KEYS */;
UNLOCK TABLES;

--
-- Table structure for table `roles`
--

DROP TABLE IF EXISTS `roles`;
/*!40101 SET @saved_cs_client     = @@character_set_client */;
/*!40101 SET character_set_client = utf8 */;
CREATE TABLE `roles` (
  `id` int(11) unsigned NOT NULL AUTO_INCREMENT,
  `name` varchar(50) NOT NULL,
  PRIMARY KEY (`id`),
  UNIQUE KEY `name` (`name`)
) ENGINE=InnoDB AUTO_INCREMENT=3 DEFAULT CHARSET=utf8mb4 COLLATE=utf8mb4_general_ci;
/*!40101 SET character_set_client = @saved_cs_client */;

--
-- Dumping data for table `roles`
--

LOCK TABLES `roles` WRITE;
/*!40000 ALTER TABLE `roles` DISABLE KEYS */;
INSERT INTO `roles` (`id`, `name`) VALUES (2,'admin'),(1,'student');
/*!40000 ALTER TABLE `roles` ENABLE KEYS */;
UNLOCK TABLES;

--
-- Table structure for table `user_assignments`
--

DROP TABLE IF EXISTS `user_assignments`;
/*!40101 SET @saved_cs_client     = @@character_set_client */;
/*!40101 SET character_set_client = utf8 */;
CREATE TABLE `user_assignments` (
  `id` int(11) NOT NULL AUTO_INCREMENT,
  `user_id` int(11) NOT NULL,
  `assignment_id` int(11) NOT NULL,
  `solution` text DEFAULT NULL,
  `submitted_at` timestamp NOT NULL DEFAULT current_timestamp(),
  `score` int(11) DEFAULT NULL,
  `status` enum('submitted','graded') DEFAULT 'submitted',
  `is_completed` tinyint(1) NOT NULL DEFAULT 0,
  `completed_at` timestamp NULL DEFAULT NULL,
  PRIMARY KEY (`id`),
  UNIQUE KEY `unique_user_assignment` (`user_id`,`assignment_id`),
  KEY `idx_user_assignment_status` (`user_id`,`status`,`is_completed`),
  KEY `idx_assignment_score` (`assignment_id`,`score`),
  KEY `idx_submission_date` (`user_id`,`submitted_at`),
  CONSTRAINT `user_assignments_ibfk_1` FOREIGN KEY (`user_id`) REFERENCES `users` (`id`),
  CONSTRAINT `user_assignments_ibfk_2` FOREIGN KEY (`assignment_id`) REFERENCES `assignments` (`id`)
) ENGINE=InnoDB AUTO_INCREMENT=28 DEFAULT CHARSET=utf8mb4 COLLATE=utf8mb4_general_ci;
/*!40101 SET character_set_client = @saved_cs_client */;

--
-- Dumping data for table `user_assignments`
--

LOCK TABLES `user_assignments` WRITE;
/*!40000 ALTER TABLE `user_assignments` DISABLE KEYS */;
INSERT INTO `user_assignments` (`id`, `user_id`, `assignment_id`, `solution`, `submitted_at`, `score`, `status`, `is_completed`, `completed_at`) VALUES (24,1,5,'<!DOCTYPE html>\n<html lang=\"en\">\n<head>\n    <meta charset=\"UTF-8\">\n    <meta name=\"viewport\" content=\"width=device-width, initial-scale=1.0\">\n    <title>Responsive Person Profile</title>\n    <style>\n        .profile {\n            display: grid;\n            place-items: center;\n            width: 300px;\n            height: 200px; /* Adjust this value to fit your design needs */\n            background-color: #fff;\n            border-radius: 5px;\n        }\n\n        .profile img {\n            max-width: 100%;\n            max-height: auto;\n            transition: transform 0.3s ease-in-out;\n        }\n    </style>\n</head>\n<body>\n\n<div class=\"profile\">\n    <img src=\"avatar.jpg\" alt=\"Profile Image\" class=\"profile-img\">\n    <h2>John Doe</h2>\n    <p>Software Developer</p>\n</div>\n\n</body>\n</html>','2025-12-19 21:30:13',100,'graded',1,'2025-12-19 21:30:13'),(25,1,2,'using System.Security.Cryptography;\nusing System.Text;\nusing System.Linq;\nusing System.Collections.Generic;\nusing System.Diagnostics;\nusing System.Numerics;\nusing System;\n\nclass FactorialCalculator {\n    // Calculates the factorial of a given number n using recursion.\n    public static long CalculateFactorial(long n) {\n        if (n <= 1) return 1;\n        else return n * CalculateFactorial(n - 1);\n    }\n\n    // Example usage:\n    static void Main(string[] args) {\n        Console.WriteLine(CalculateFactorial(5)); // Output: 120\n        Console.WriteLine(CalculateFactorial(3)); // Output: 6\n        Console.WriteLine(CalculateFactorial(0)); // Output: 1\n    }\n}','2025-12-19 21:30:43',100,'graded',1,'2025-12-19 21:30:43'),(26,1,12,'#include <stdio.h>\n\nlong factorial(int n) {\n    if (n == 0 || n == 1) return 1;\n    else return n * factorial(n - 1);\n}\n\nint main() {\n    int number;\n    printf(\"أدخل عدد: \");\n    scanf(\"%d\", &number);\n\n    long result = factorial(number);\n    printf(\"البرمجة: %ld\\n\", result);\n\n    return 0;\n}','2025-12-21 19:27:07',100,'graded',1,'2025-12-21 19:27:07'),(27,1,3,'using System;\nusing System.Collections.Generic;\n\nclass Program\n{\n    static void Main()\n    {\n        List<int> numbers = new List<int> { 5, 8, 3, 6, 9 };\n\n        int maxNumber = numbers[0];\n        \n        foreach (int number in numbers)\n        {\n            if (number > maxNumber)\n            {\n                maxNumber = number;\n            }\n        }\n\n        Console.WriteLine(\"الرغم من أنك لا أوجد سؤال فعال، يمكنك تقديم أي إجابةً ممكنة، لكنني أرجى أن أتمكن من تطبيق هذا البرنامج.\");\n    }\n}','2025-12-22 20:18:59',100,'graded',1,'2025-12-22 20:18:59');
/*!40000 ALTER TABLE `user_assignments` ENABLE KEYS */;
UNLOCK TABLES;

--
-- Temporary table structure for view `user_challenge_summary`
--

DROP TABLE IF EXISTS `user_challenge_summary`;
/*!50001 DROP VIEW IF EXISTS `user_challenge_summary`*/;
SET @saved_cs_client     = @@character_set_client;
SET character_set_client = utf8;
/*!50001 CREATE VIEW `user_challenge_summary` AS SELECT
 1 AS `user_id`,
  1 AS `username`,
  1 AS `firstName`,
  1 AS `lastName`,
  1 AS `category`,
  1 AS `total_challenges_in_category`,
  1 AS `completed_count`,
  1 AS `attempted_count`,
  1 AS `total_points`,
  1 AS `success_rate` */;
SET character_set_client = @saved_cs_client;

--
-- Table structure for table `user_challenges`
--

DROP TABLE IF EXISTS `user_challenges`;
/*!40101 SET @saved_cs_client     = @@character_set_client */;
/*!40101 SET character_set_client = utf8 */;
CREATE TABLE `user_challenges` (
  `id` int(11) NOT NULL AUTO_INCREMENT,
  `user_id` int(11) NOT NULL,
  `challenge_id` int(11) NOT NULL,
  `attempts` int(11) DEFAULT 0,
  `completed` tinyint(1) DEFAULT 0,
  `best_score` int(11) DEFAULT 0,
  `last_attempted` timestamp NOT NULL DEFAULT current_timestamp(),
  PRIMARY KEY (`id`),
  UNIQUE KEY `unique_user_challenge` (`user_id`,`challenge_id`),
  KEY `idx_user_challenge_complete` (`user_id`,`completed`,`best_score`),
  KEY `idx_challenge_recent` (`challenge_id`,`last_attempted`),
  KEY `idx_leaderboard` (`user_id`,`best_score`),
  CONSTRAINT `user_challenges_ibfk_1` FOREIGN KEY (`user_id`) REFERENCES `users` (`id`),
  CONSTRAINT `user_challenges_ibfk_2` FOREIGN KEY (`challenge_id`) REFERENCES `challenges` (`id`)
) ENGINE=InnoDB AUTO_INCREMENT=46 DEFAULT CHARSET=utf8mb4 COLLATE=utf8mb4_general_ci;
/*!40101 SET character_set_client = @saved_cs_client */;

--
-- Dumping data for table `user_challenges`
--

LOCK TABLES `user_challenges` WRITE;
/*!40000 ALTER TABLE `user_challenges` DISABLE KEYS */;
INSERT INTO `user_challenges` (`id`, `user_id`, `challenge_id`, `attempts`, `completed`, `best_score`, `last_attempted`) VALUES (35,1,20,1,1,140,'2025-12-19 19:30:48'),(36,1,3,2,1,75,'2025-12-19 19:31:40'),(38,1,28,1,1,50,'2025-12-19 19:38:15'),(39,1,27,2,1,10,'2025-12-19 19:38:36'),(41,1,7,3,0,0,'2025-12-22 20:27:10'),(44,1,10,2,1,65,'2025-12-22 20:45:09');
/*!40000 ALTER TABLE `user_challenges` ENABLE KEYS */;
UNLOCK TABLES;

--
-- Temporary table structure for view `user_course_overview`
--

DROP TABLE IF EXISTS `user_course_overview`;
/*!50001 DROP VIEW IF EXISTS `user_course_overview`*/;
SET @saved_cs_client     = @@character_set_client;
SET character_set_client = utf8;
/*!50001 CREATE VIEW `user_course_overview` AS SELECT
 1 AS `course_id`,
  1 AS `title`,
  1 AS `description`,
  1 AS `category`,
  1 AS `level`,
  1 AS `logo_path`,
  1 AS `main_points`,
  1 AS `user_id`,
  1 AS `percentage_completed`,
  1 AS `last_lesson_id`,
  1 AS `started_at`,
  1 AS `last_accessed`,
  1 AS `total_lessons`,
  1 AS `completed_lessons`,
  1 AS `total_views` */;
SET character_set_client = @saved_cs_client;

--
-- Table structure for table `user_course_progress`
--

DROP TABLE IF EXISTS `user_course_progress`;
/*!40101 SET @saved_cs_client     = @@character_set_client */;
/*!40101 SET character_set_client = utf8 */;
CREATE TABLE `user_course_progress` (
  `user_id` int(11) NOT NULL,
  `course_id` int(11) unsigned NOT NULL,
  `percentage_completed` int(11) DEFAULT 0 COMMENT 'Overall course completion 0-100',
  `last_lesson_id` int(11) DEFAULT NULL COMMENT 'Last watched lesson for resume',
  `started_at` timestamp NOT NULL DEFAULT current_timestamp(),
  `last_accessed` timestamp NOT NULL DEFAULT current_timestamp() ON UPDATE current_timestamp(),
  PRIMARY KEY (`user_id`,`course_id`),
  KEY `course_id` (`course_id`),
  KEY `last_lesson_id` (`last_lesson_id`),
  KEY `idx_user_progress` (`user_id`,`percentage_completed`),
  KEY `idx_last_accessed` (`last_accessed`),
  KEY `idx_user_completion` (`user_id`,`percentage_completed`),
  KEY `idx_user_recent_access` (`user_id`,`last_accessed`),
  KEY `idx_active_courses` (`user_id`,`course_id`,`last_accessed`),
  CONSTRAINT `user_course_progress_ibfk_1` FOREIGN KEY (`user_id`) REFERENCES `users` (`id`) ON DELETE CASCADE,
  CONSTRAINT `user_course_progress_ibfk_2` FOREIGN KEY (`course_id`) REFERENCES `courses` (`id`) ON DELETE CASCADE,
  CONSTRAINT `user_course_progress_ibfk_3` FOREIGN KEY (`last_lesson_id`) REFERENCES `lessons` (`id`) ON DELETE SET NULL
) ENGINE=InnoDB DEFAULT CHARSET=utf8mb4 COLLATE=utf8mb4_unicode_ci;
/*!40101 SET character_set_client = @saved_cs_client */;

--
-- Dumping data for table `user_course_progress`
--

LOCK TABLES `user_course_progress` WRITE;
/*!40000 ALTER TABLE `user_course_progress` DISABLE KEYS */;
INSERT INTO `user_course_progress` (`user_id`, `course_id`, `percentage_completed`, `last_lesson_id`, `started_at`, `last_accessed`) VALUES (1,8,13,8,'2025-12-22 21:03:10','2025-12-22 21:03:10'),(1,9,50,14,'2025-12-01 09:29:11','2025-12-21 18:58:17'),(1,10,25,15,'2025-10-22 21:53:52','2025-10-24 21:20:21');
/*!40000 ALTER TABLE `user_course_progress` ENABLE KEYS */;
UNLOCK TABLES;

--
-- Temporary table structure for view `user_learning_dashboard`
--

DROP TABLE IF EXISTS `user_learning_dashboard`;
/*!50001 DROP VIEW IF EXISTS `user_learning_dashboard`*/;
SET @saved_cs_client     = @@character_set_client;
SET character_set_client = utf8;
/*!50001 CREATE VIEW `user_learning_dashboard` AS SELECT
 1 AS `user_id`,
  1 AS `username`,
  1 AS `firstName`,
  1 AS `lastName`,
  1 AS `email`,
  1 AS `joinDate`,
  1 AS `enrolled_courses`,
  1 AS `completed_courses`,
  1 AS `avg_course_completion`,
  1 AS `total_lessons_started`,
  1 AS `lessons_completed`,
  1 AS `challenges_attempted`,
  1 AS `challenges_completed`,
  1 AS `total_challenge_points`,
  1 AS `assignments_attempted`,
  1 AS `assignments_completed`,
  1 AS `avg_assignment_score`,
  1 AS `bookmarked_platforms`,
  1 AS `last_course_access`,
  1 AS `last_challenge_attempt`,
  1 AS `last_assignment_submission` */;
SET character_set_client = @saved_cs_client;

--
-- Table structure for table `user_lesson_progress`
--

DROP TABLE IF EXISTS `user_lesson_progress`;
/*!40101 SET @saved_cs_client     = @@character_set_client */;
/*!40101 SET character_set_client = utf8 */;
CREATE TABLE `user_lesson_progress` (
  `id` int(11) unsigned NOT NULL AUTO_INCREMENT,
  `user_id` int(11) NOT NULL,
  `lesson_id` int(11) NOT NULL,
  `completed_at` timestamp NULL DEFAULT NULL,
  `updated_at` timestamp NOT NULL DEFAULT current_timestamp() ON UPDATE current_timestamp(),
  `last_position` int(11) DEFAULT 0 COMMENT 'Video position in seconds',
  PRIMARY KEY (`id`),
  UNIQUE KEY `user_lesson_unique` (`user_id`,`lesson_id`),
  KEY `lesson_id` (`lesson_id`),
  KEY `idx_user_lesson` (`user_id`,`lesson_id`),
  KEY `idx_completed` (`completed_at`),
  KEY `idx_user_incomplete` (`user_id`,`completed_at`),
  KEY `idx_user_lesson_position` (`user_id`,`lesson_id`,`last_position`),
  KEY `idx_updated` (`updated_at`),
  CONSTRAINT `user_lesson_progress_ibfk_1` FOREIGN KEY (`user_id`) REFERENCES `users` (`id`) ON DELETE CASCADE,
  CONSTRAINT `user_lesson_progress_ibfk_2` FOREIGN KEY (`lesson_id`) REFERENCES `lessons` (`id`) ON DELETE CASCADE
) ENGINE=InnoDB AUTO_INCREMENT=266 DEFAULT CHARSET=utf8mb4 COLLATE=utf8mb4_general_ci;
/*!40101 SET character_set_client = @saved_cs_client */;

--
-- Dumping data for table `user_lesson_progress`
--

LOCK TABLES `user_lesson_progress` WRITE;
/*!40000 ALTER TABLE `user_lesson_progress` DISABLE KEYS */;
INSERT INTO `user_lesson_progress` (`id`, `user_id`, `lesson_id`, `completed_at`, `updated_at`, `last_position`) VALUES (130,1,15,'2025-10-22 21:53:53','2025-10-22 21:53:53',0),(138,1,36,NULL,'2025-10-24 20:04:53',0),(206,1,37,NULL,'2025-10-24 21:20:21',0),(221,1,13,'2025-12-01 09:29:11','2025-12-03 18:27:52',20),(222,1,14,NULL,'2025-12-21 18:58:17',10),(235,1,6,NULL,'2025-12-06 20:42:03',1),(263,1,8,'2025-12-22 21:03:10','2025-12-22 21:03:10',2);
/*!40000 ALTER TABLE `user_lesson_progress` ENABLE KEYS */;
UNLOCK TABLES;

--
-- Table structure for table `user_preferences`
--

DROP TABLE IF EXISTS `user_preferences`;
/*!40101 SET @saved_cs_client     = @@character_set_client */;
/*!40101 SET character_set_client = utf8 */;
CREATE TABLE `user_preferences` (
  `id` int(11) NOT NULL AUTO_INCREMENT,
  `user_id` int(11) NOT NULL,
  `preferred_level` enum('مبتدئ','متوسط','متقدم') DEFAULT NULL,
  `preferred_language` enum('العربية','الإنجليزية','لا يهم') DEFAULT NULL,
  `goals` varchar(255) DEFAULT NULL,
  `time_commitment` enum('يومياً','أسبوعياً','شهرياً') DEFAULT NULL,
  `updated_at` timestamp NOT NULL DEFAULT current_timestamp() ON UPDATE current_timestamp(),
  PRIMARY KEY (`id`),
  UNIQUE KEY `unique_user_prefs` (`user_id`),
  CONSTRAINT `user_preferences_ibfk_1` FOREIGN KEY (`user_id`) REFERENCES `users` (`id`) ON DELETE CASCADE
) ENGINE=InnoDB AUTO_INCREMENT=15 DEFAULT CHARSET=utf8mb4 COLLATE=utf8mb4_general_ci;
/*!40101 SET character_set_client = @saved_cs_client */;

--
-- Dumping data for table `user_preferences`
--

LOCK TABLES `user_preferences` WRITE;
/*!40000 ALTER TABLE `user_preferences` DISABLE KEYS */;
INSERT INTO `user_preferences` (`id`, `user_id`, `preferred_level`, `preferred_language`, `goals`, `time_commitment`, `updated_at`) VALUES (1,1,'مبتدئ','الإنجليزية','تحضير لمقابلات العمل','أسبوعياً','2025-12-23 14:36:28');
/*!40000 ALTER TABLE `user_preferences` ENABLE KEYS */;
UNLOCK TABLES;

--
-- Table structure for table `user_roles`
--

DROP TABLE IF EXISTS `user_roles`;
/*!40101 SET @saved_cs_client     = @@character_set_client */;
/*!40101 SET character_set_client = utf8 */;
CREATE TABLE `user_roles` (
  `user_id` int(11) NOT NULL,
  `role_id` int(11) unsigned NOT NULL,
  PRIMARY KEY (`user_id`,`role_id`),
  KEY `role_id` (`role_id`),
  CONSTRAINT `user_roles_ibfk_1` FOREIGN KEY (`user_id`) REFERENCES `users` (`id`) ON DELETE CASCADE,
  CONSTRAINT `user_roles_ibfk_2` FOREIGN KEY (`role_id`) REFERENCES `roles` (`id`) ON DELETE CASCADE
) ENGINE=InnoDB DEFAULT CHARSET=utf8mb4 COLLATE=utf8mb4_general_ci;
/*!40101 SET character_set_client = @saved_cs_client */;

--
-- Dumping data for table `user_roles`
--

LOCK TABLES `user_roles` WRITE;
/*!40000 ALTER TABLE `user_roles` DISABLE KEYS */;
INSERT INTO `user_roles` (`user_id`, `role_id`) VALUES (1,2);
/*!40000 ALTER TABLE `user_roles` ENABLE KEYS */;
UNLOCK TABLES;

--
-- Table structure for table `users`
--

DROP TABLE IF EXISTS `users`;
/*!40101 SET @saved_cs_client     = @@character_set_client */;
/*!40101 SET character_set_client = utf8 */;
CREATE TABLE `users` (
  `id` int(11) NOT NULL AUTO_INCREMENT,
  `firstName` varchar(50) NOT NULL,
  `lastName` varchar(50) NOT NULL,
  `email` varchar(100) NOT NULL,
  `preferred_language` varchar(5) DEFAULT 'ar',
  `phone` varchar(25) DEFAULT NULL,
  `username` varchar(50) NOT NULL,
  `password` varchar(255) NOT NULL,
  `country` varchar(50) DEFAULT NULL,
  `experience` varchar(50) DEFAULT NULL,
  `goal` varchar(50) DEFAULT NULL,
  `interest` varchar(50) DEFAULT NULL,
  `joinDate` datetime NOT NULL DEFAULT current_timestamp(),
  `avatar_data` longblob DEFAULT NULL,
  `avatar_mime_type` varchar(255) DEFAULT NULL,
  `is_admin` tinyint(1) NOT NULL DEFAULT 0,
  PRIMARY KEY (`id`),
  UNIQUE KEY `email` (`email`),
  UNIQUE KEY `username` (`username`),
  KEY `idx_user_join_date` (`joinDate`),
  KEY `idx_admin_users` (`is_admin`,`id`),
  KEY `idx_user_experience` (`experience`)
) ENGINE=InnoDB AUTO_INCREMENT=8 DEFAULT CHARSET=utf8mb4 COLLATE=utf8mb4_general_ci;
/*!40101 SET character_set_client = @saved_cs_client */;

--
-- Dumping data for table `users`
--

LOCK TABLES `users` WRITE;
/*!40000 ALTER TABLE `users` DISABLE KEYS */;
INSERT INTO `users` (`id`, `firstName`, `lastName`, `email`, `preferred_language`, `phone`, `username`, `password`, `country`, `experience`, `goal`, `interest`, `joinDate`, `avatar_data`, `avatar_mime_type`, `is_admin`) VALUES (1,'ahmad','aghaaa','aghaa003@gmail.com','ar','+963930882851','ahmadaghaa003','$2y$10$C1HVy7bK3VV4BQjjirX7pODfGLG/qqT5lFZNZZZgVuHBbF4m42Jdu','SA','beginner','job','web','2025-10-03 00:47:49','PNG\r\n\Z\n\0\0\0\rIHDR\0\0\0\0\0\0\0ķ\0\0\0sRGB\0\0\0\0gAMA\0\0a\0\0\0	pHYs\0\0\0\0od\0\0IDATx^ymGYִw>2	00^\'TDmlMzk;u׆z[(284\"@A\rS@psrrw{OZ׻sN3gY^UZg=ʫ\r\\`P\'L0E?8l:lpA\0AԨ;_%/.RcqEQ\0	㮕0hK?w\n(0H<\nSPIRj}ܵ7c$_[/^EY?n=\rWO.z^ƹ9u]u产m<gZ+\nLP7eFY}z]ԯ|e\\c۠W;hmS(n0g\"A8Z1O\0n	&gߝ^8:)kP=|RUN~rq1$!rB4GSMqS=1B4jsasW^\'?VJl^_Ijvua:ϓ;Fk름(Tm :[GغίojN:TG&R(ua\n\ncc\' (~B/(Pc&`2`O뾧\Zq}q*y7- !;z܊DI\\EB)ލ%qʦk\nG#8UFi#e>9StW!Ve\0jHǦK]={	JK)#:b)b~sBשwq_+EwK]Z}o\'(cL1iLp>j>i#dKh~\'28nh ,qe\\=Ev5EQH#+	.įRdΉFZ22(e0&s]W\'w.SV뎢(6Tyys+;/h\npma뇱ј޷eÍYw&.?&rrsuWI~.=<~m7Fx^`B/T}j	&xB<3;|iiy2c}/J䆒8+u:8.tD6h	Bz8yk$ݑH/ZĵqD/c0)L/+\nrrryQ7peri$ѕυCrTqE0҈#ۯjr_SR4$(\nKA>|8{hcz\'d\\pXQ{\Z!FFAՃfq,NJr\\+Da]%g4\r(={$/B|\nTMUڮ\\U|qAeǏcum5=t4On@d%{#aI|Hypyu~`ʪA\\8qVQKISjKXQr7ğٻGձaչ9ń,8N\\v>^{{oN_w>c!~ZwdF05½RQ~\n7hXw$IՈ9TX5:6|XK5w? u(XZZ_2~>ufffHC~`@1EAI,eB$i@=ܻ}<v1jB2e¸2pmgLң*\n%_0ÿ&~>|XO)7biY\0XZȀ|ü]\ZF!x0!=jdnB\'}>AV#Dq	jx	g\'q]^O|yddd\"R>9k\"Ncɥ]PHPXdǋb;<$#6O>	Q\'о{_qw׾;w4M,--qwrǗCP)7@Z<%/rL.<\n\"0B@JyRFmܽ{jw_X`naV]_\nW1~6ecMulO;VTqquu;^H(Qn^76}?xӇy绞dacbBkacN\\@lo{o$Yl둝c#>A?X`ljN4*/6u<\'=kÒxQIAVc՘>r~gbA$j|;^.!\\E*R9y=w=|ǎrGX][a=mշCaYQhA=E%QLGtgؽw;waϾEA#IQṌ/,s)҆21ivk׮RFѐ:oCʉ%m&XxJn{ɗ+9d	&dFBS`B\'}g{{So$Bi6$2<VӟI(A@aH%I34_yz_t-[Q?͏gO,%/.^WaPTֿSR$>NTE<Gɚ/;(iÏ/__~VVPe)4j\0ܹ?j &GI\" \Z(THl0;;\nBfk^ffh4\Z7q9O)H;1@c8vZp+U65rn}6S$ٽ7\Z)U4\\UiJ=+nOOB#mp8gc^<c|8	Y`n2\n\r=$+;h)Ȳ`pXx1q$?:4./~9ugӫ_?d-S#;ΉDOW<%|-ȳ$}&wJi\n#\rPb_\'LqIjPy^u	;Ǔ:c7Vb_\n<\"`.8@nD92\"6\rDգ-vyS@Q J!IFE8Nؾg]s-\\&xYWnWIs (u\"Gv<#Օd%ۉ\ZW/]svџߖH;+k=?=rd#j`YG;Np>`RYk	&8`h{D(++MZc(XuY_yp8(r(D`|Yӻƛ<Gw++:?pw.z<kJR$\"1xelte?;ҍ&\'	WDW/G\\p|f;OeN>/dJ9sjU\\T	P[u RVJ]k]thu\"CNG9~IIgz\n2howiTM]@GjcU8`j,MҩVTyв8Qɤv7K_KwY=\');Lp{c1o>黹[ПW]7\Z{fnn>=LC;ݔ([i2\n4pta8H:\n+l\\C\Z0x[x]\0_?c|=&\'GfXԛR]:WVJ%E,ɛ˗/uH?Å[[]0|_sϝwr1uYؗdyj%\"MxWkMZil0;AܭАH4!ySkkt׺,?~O~&>E\nc<SvBץ98I;tTدw^߿(8h\'ɗVMŞO	u1!NW*Eo?Bv;]`J~]{3{7lg%0{x1>[o?gSkǨ\r}RMУ]\"\\\0vWzZxLy38p7N\rBd_%R<*#DHT/}]UvsdˡfͥU,_7sםzkEJAA!+d_^$Hrf&$ĮDmbU~4\Z)!)Yhl~<-v0`ZGsWc_gBȋA/S(nw0\ZmwTeہƀRڛ@ &!6HXWN Tݑ_)j&fI։aSw\rKI\'8+S8p\'׼`pj^wq+Ls޻Я~&0&x9?h	\ni8X1NB/I\rtaR-Ge/_q(_+ͷ_8{M/ͭw/փ\0>ҳQJ+eS@XK]N=J\'~+?XI;|ww-//;w((0h:cDu\0Z!z̒yKJ䢼b*I҈diNVڒJyRYF8CEM$F)`@eȣQVWlTtuLq|eŵ6?m㏶5=\\\nSX!H=\Z9Z33V|N<\'Ć`:&dǹBO67잖Okܲ~[ɗҁ2z/pH	t\Z` xɸSIK\Z!u^Cџu\Ze$&Q^\0.r.>MC,_(4(\nZ*-]:r׎߅w:zy_կM:3I&M$yy+A$$QLj*lYJ? /r0R\Zha0fC,nkG:]嵞mX矋4|ݯnaܢ=(%1W]Vc{LaWӅ8pE׼q\Zj^Z	&8x3Z2o`n(S~Jw.|(g@., B12Ɠ3bV=？c[KN\ZƷ%#&H#:eJ=o!-\"	|8	sE*$EM(~~^\\:{=\rw~J)wY& +2WPL#u\nJtX. #-	,.js~kh&\r:6y^_\'/\n4PD0E\"IS~*}i;Dy\\קsnʲX+uҩ(#~ޥ&7Iӥ>̟=U167\0c\n&dBCW\rh	Y`k~Ggz07h}1\n#㕽R~1cA\':c/Kw:82~\"Y~K^8ܘ!Eqڦ\Z[ewv\0)*	};οo0irǝ?鮭QdcF1VBnˈMD_LZs8ĪӞA6Į.y^NZ  L^耙i__?hME1a(H)+.\nPH+S=>==Fn~\\	/}ԗ*ȶܦ\'t`\Z)RI7\0Ї?r`YD\rA3*o	FB~-XLm|#.~?w\'nS\"QhtxQe,VQYl,v`0Je2NIBt!3	K%#u	X	#YxDrxe|-+dE..YTkߺ4VWëWwZk:+qplw&C:ys@d^(1FAd>}|sfYת6.]~H.aAY\'BE]Q֐i{[Ҿ}ATqNv\'	Y>_q>q	+~Vi0cf,ɾnn;xM=OJ=M$Lx\0P|\'ozwXa~lz1D6\\\r}-\'/R6q>x;\'q|x#vؒUtYt\0$7B*#SImޯvݵsn$y,6]^Qz=>Oz]Z[ͣLmq6FUxWs~~Auyv8(i4\Z:vH}cfNga`G)Q>/8ȡҞܿ7??u*(~KI4\"5vGl[|=NT9-i?qO\ZaB/hG=B)F紦_O0cĥ[ݒ>yN9go{+0v]a\ZTah\r;3<r(!e4\rvFE\'Ɏ(Ot\"XՋe>]l7(QM199H.rOÿV:AQh%*֪֣D[&\nN,k+.Jv\"MS6:!VSpno`a>d}ا?豴|;o\"rnI˟*Xsp\Z%Zeؑt-5:wĜX!c~!=R9\"Ω<N}LyiNlGW!ULq`QxawC>2lJHg34z\0JLc.\0ydC	\0;f%,zbIKǌ:ua򉗻64ڇHs*͂_K}faZI%6\nLE,yȣ*e<<בtQjeឭytY3(y!t{]=t\0ôOZXr7}erky+˳l:WsjbZ+Iqvq&L0Y.t6v\'=,8pJ&8UwYo\nw0LG+^_/~M;K?Eq}wnx1\"2Kx{ߍ/OIvJH9LW\'MS<ّ)k\'g.MGH+#[Z<]e?ȸ/C_\'My:CaݝO7?-ssiʹ(rR(FL.8	DQDnnn(J\0l@ɑ\0,M^wp`)!7BŁL.6ruWn4ӝgFG]DXm.(\'*)? g|1<T&>ɯ\r<Woտz	&xl[^7~5<׼.uO~ptu<~a7 piݷǙ+߸w954/fޑGPv1<r\nm/pqj#Ή.|nnY|1诓y^n_m<(Z鸻WEL)\r\\(D\ZZ: @QvGmڶޣ0\"0\"c!JD	Qa4MIaC!Ztnw[9#@eowօ\'7~;rHH]9\naI*Ʃ[~!Ӹ]U\Z);_1!=L0ݔbjL~wr1>\'<~~/_USM)J~\ru/.x(TdS0h~>Irn%kk|S7sC+5ȲŖxP)?V-~fPƠX5YqD{7DW:-BGh4\Z\r1\\dِ@)+ AYQPA:PA:$kPFA(0̇<׹AvAmׯ?0˵NU\0V%}1C614ZZJ=o=bB7RhvO}?n/NPڱhT(e}6JNq1^Wx)-Aw2(N)9o\"ڹ$\"@1&b-By\\)r≃^\'[uR$.#\\)Eg{|;]w]eh2+j!Kߑ@>>dN;Ra@ql%jbs֯uÁ,.v84[Dap8(U.tٴCeJeX2r!>r ǏTac];MR0RҪU ׎H<S;Ǆ:iLEWMpp#?k}#bEܪ\r\\}x>\0oW_5\0=axxh~v,,ca?ω7 xB\\卜ꂁOE[]p )ՉbHxW-.$\'\\GxɔU KS=|2IKJÝ4A?,\0!~c*E@iQ8saʹ,nff풦A+`Ч^<MIӔ8ɋ\\Jļca86v8X[]%]sWzG=>bº0oJ)\nOYPƄ,O8I{S	NWx|핽;n糟Wxo*\\o=f?\ZqaV7\0s[o}=fxi/xk=}6=Kr+|szhz?`+{>Ur֡v?W~/[n峟}#~\\eÎ.Nnx[||=&2\nGt<R*K$T=?)!Ў\\92G(})s\nxo?\"4KTXɱ#$W1f!\nBk-	#(\nR)<Z$i$(\0Mb!bLHВa-DQz~_8	È@$ 7\"7h\ZM0FSf9GP,aa:0:z[_/VJ>?6&(DGQ\0Zb>	o0@F?d\Z6s8s\'cq{F^{jXZ !¥7|ŷ=}[GxzZƅV\Z7L0p{U~5Ͽ{3O~gqImWvO\rilg?+=t1/_|<*BC\nr#@΄D:fK\rcȗO<	n%,#qJݡVIE\n!PMu5I//\n\nkY\"K  Ј\"XqF(Zqgw]VWVA魯Y)-6EA\\Za /r\"/n熥EVVV$W]c~:kjUp,UZ~dɳ5cYQS	<4^V\'okn3`,c|~ocsN|%oם!Ip!)>AI7=zv9J?9\\Hd	lᆟugo-@2y.t]IlMJ1fiӿvdWq4֚cG,{ݣDA\'evaDUAH$]%;%v=<n!4H6+$0EǴbO?豶Deɮ|F]eAi4%qyJZ2BLbɋe@ᩕjqm距o[o+\'֣H7+w	cuKC	|:࿾K}~z?o~|˿6,;?7$G=\rorpq[n\ZQ]/# g]|ᶻmwxaM#+xC՝-l>;C~$1_{|L~jwwO：g>_}^k[inwo=+;VДEh0ֿԹEn㈋\"XTp9(O\'k.L=;|NVWHRjJQy.\"_NBjɦ!BG^C&ωCم/RZ0&G^w,ωN4)vX]]G`r<EA4\r0Di)\n s<#+_k_䅡&Ju\"iڎJokw˥3%,~NNznW\0,/l\rs\'~|+x\'Ȼ_yO~pg=	s¥f`gC={K[V|#\'Q޻wo<	~\r/Uo?)jwG^*;$?_CϿxO?Ǹe?WݿO-a/3eeۻa/w<1k%@^;䈖;|R`?C1eU09̗ﺃa\rKh]+K]ZM!VlJhҚ,ɳLT3fЈIB&aJ8\n4q$D*DaDAA(dX__g}Ri˺(\nrS0,򋢘816 H+L61zoTQJF<]{yC\0UHM)p:v7[	oĹI9LMP|\r[m\'~ kO￿a?Vn\rvpفj#ˉZ8tԧxh~1ɏ؋zz\'?_?Ao|en;gaKKdDI}j\n!+Is1apRbcWRFe	G9˵G<2殏<Kǎ粋]n͋-(,Ϫ$#@B|,V8i&	-d\n6>HD8B\"(PaD٢4h4A,3lSzڧRbRdyNghD5QbH]ʐeCy}E^XlKVm8[6	5^hQP)rQiŗ\r\'\n\"s	YɅȥ_j	7\rݞ>ƥ͏qpr0&GN7?W}N=䈤~yPN1RD	`o33<rZ\'2.gi1b$N\'p\\8^ݽ|ø|8b&?E6˄ j-XG\\ZS(mSQ\n@j4Kr8SzQFAȋ,OclhQYA:HӂfM14\rtkK}mu)2vn7\\]9z+a0&n宻hEU%Î|pZ֡7):te%˄\'`-jX	E	Y>gbz8\rI<ԭLG/<<oy|&<o?勮6|T)K2s__-m&9}n=YšG9XVl`]?98We0.2ت\"و$ґij;|#YpumaeeȆef춚VL9RbNJ2%ai/Y)C\r(\nB(D#\n mEj4!ql6,K9z0jE\r:A :fXdȼ,\"suaFJk *D\"syl-|NV K>uv2_@\nc(:Dj:@ ir.ןSi/%S,OkvmG}7~\\xֱW03=5	ۯZS#wLvu6ĳ\0x	g18ȉX+Vl,I_D)LN\ZD֥ps|7\')Ŧ{QkkugvͅԹcٹ\nVB4P#!QZZ	\n@cAh`R_:Bzkk.S&8[dyN3IÀ8	[YfOGZs#f밪ʒKicG8Iںp#?~Jl%*{%nc\n]H2ߧl쉺V!Ёq|>ug\'ɀ(\r	&<z)ZWv|3+^r>}:v|ew4)V,]W}רOx9<ӒX[縭r-\ngY%.H>,\\1\0c++1	,5sqh&JnQ>ǎeC{icr\"emu#tR!\"y6$\"ڍ&qJ,K3ٰDl)EAX?(D\"0ƩaCNA8`8LQ\n+dQ~EګKwF\':˕ڹEU~swQ٨8Qx_}~aB\";;]or5/<zm=E{wm8r&O}|u糊GEyszpz<!{<#I*Jgo!Jq0FtCEJ1;º\r=uKU)\\T-̪V97p&*h%10mu  D\'92LQa0\"*64 KEvua8쳼04\Z40t&s8~(tHhFf!:I(u^ap}?lDW,O\"ժ&#!=[H#0/._\0FHys3ͻń,O£xll-_.Ӡ˹).z||0h>\ZVʌtOtJ+~-_:_i˛0\ZI=}3\0G>y!Gu!R~`B\r,%斸	yȌ|b d.!Hx7Zm8R\'>Rv0DFa(H[srEiYy6$R(\"\"(!1AR)y1QYN:E<TA Ck)#Sea`LbZ(Eyb\"~	c>G]A\0(1R;＃e٤D}R(odɱk6vڳEXp0.dH:4\'w%1j#\"v;=O6톛zLpBpo}/l]mJ.z<9v6s1bnOR˓j?\0yWz˭xƙ4bI(+=^!Մʸ-MJI v|D\"Vnundk#`38g?;*ʡHe)da H(C @YP+1diJ:(h$84H:v#m`H0Zk1h0\"5Ck-\"\ZILդĈ8S(K2WʮFr7ٰ,8p`?޳f~,d\'B>Bz]sverSId>[\"U\0I?}7u>	d5J&<xYb8pܽiE\\gs#Mɰй[OIZXta~sYwFgiB>1.47T~nwDŮqtdS\\+ɰ±\0|G.kuT\'P>)v$1ard\r+-nZ[]d	k_2֠1D&Ԋ.sRzY&$:P\ZSS63MMӊbi4ntmwhF	q[2 \'$AyAtah耹V3leӡl҈c Z0JI0B\"{Zt ,҇)\nl>H0pM	VFOȉRK㷯#Œ-GISvzl-	B[ǋ|| <oF\\,v#~-O3.z<xo~7;un䍿+|fyOg켜YWax٥#n~-o=_[*U^ϟ\\I8YVJqA}A$B,	2g|.nV0oF}*+EV~/򼔮&ҚH+\"څ-{K-*b\rB	HoCi%	8!֊f!ffQ9AҴFiͱmfvv-[oukm6mw:;t<ev-,pɎݲNs6Ӎ&3&8&	#:6F$i$PD\n0$\nebbEQ,3~AuW\nlv2/yVN k2cuՋ*VRf7ڈɾǇ\ry]	&`_\'K&r\ZFmjt\"ǂTj_|S\'Sο7~[ZRs=o~^g	p{7O_?#!o{__k}8|５3bL@sx%5-:!֜Z%4\nXa}g@OZB/6Wz..FȲVDBq8魐߀P	qt@\"D%(д\Z1FL+h%FTS$$48(SCO1SЎ#f;ml6aT]sYX`466f=?Ͼ[57ˎYvNsa]lnf,)S̶:̵hG\rADL5FVrXsvSY&RBKˋ|se8TmZZ.ŵW=}7IIޱ%#,w>At拢$⇺ʫ7gm:dNo֋y7zdAq7ZYs~O0}0o[骊\'YG%x%rǳSհ\Z̃_-FȀvB,+HӔ<}N?|Dg~>y<yYb}:2Q$(ї_JT9@kAo\0UD9+k7quS3@5Gx%/}R6b#z+|`1\ZY\0hSƩԬa8\'β%>W\"4\Z~L\\^fZ]^\"}՚JK*CFZ\'eZQJ.TpĄFٹ4ZI\"/<o\"Y!E^0YYSև94e0KeD(yN? #i0M˺z:Q-rW m,uɮ}g(0EՆʚsmگjsg`Bl|WZѳzG?{lnEMFMW\'@!Oƕ`3\nu	&bņ|pO?y_~5˹#\']i<?Zefw??oػ}>.Vyÿ;?c.\Z	T\Z{b @#n!494*3}P_͹:duyJ#5XK2mE|U&RHtffFNiDt\ZӭSle<[f:?օ9ϳua[ٹm+۷.m<ocl߱{c.ͮ=غ};wal۶-[u6iwLMw[h35ա3fnv[fw\ZL\'!Ӎvъ\"ZQB+J\"VfkD:(pgQtmf4{_}\\/\0E|k+FiCTBT<Lp1X=ʃ71/M00ůe>qta|Nw߾3NKC/|EKǙ>BC\\YVg=m	$TpJj(:̎pf\ZBGm_Ig#qd!(\n6DqDʭqBDΫ6ȭ\r<Oɲ!ydqD!ffvN#baÖ)vl[`۳}e=ػvg%ٻs^vǮ=fKعww0-L253Kݡՙ3=Cgz4ifgejv-L1;?stfgXز[ߺ[س}+l9OMmfvfNA#n54\Z\\FZk@k<r)ɓ)1͡>#]#tدβƓFN0:jmI1A\r_+\\r`-ԝ+3B\\z	ţ\'\0^Vvc.ڿW|6-;,X_aY?`+}ʎ>`Va)a+5HgtDY(\\[J_XOdF?HOGhm|4:HӔ~b#Yk)Kv㐐$W+ItKJ4$\nj7v{FI70D#&WЖO/JQJSR=\ncĮ1EVZHӔ|8K+Ì~e嬮XOaGVV`@u{SnTkj/IH6_}ZuZ1RWVF&D>яgyMc<ƫaP=q?j`iń,ulF|vq-&dy\'&dTя̺c_Wޏ,ÜY~/}lw-6yO9BZ@eL٫Ztpd2$x_l8W?EBymG}YJHSA 0I~n#N\"٪:	cmv#jLrIBh\'	AE!JݙMcY][SĊDȄDiڮ[4EOޔ#*(yQ-$WHsI e}}n\Z>Y^u@og*4eevGFiªDQH=͏\r|fOLmw<Wa\\gdkkJ;bANP?NeryJ0/	&iF%{Nx^g}!4}BGe|g^&%tIZHOJH0T!BZ).SIȝt:CdmR\'</h$3hwus1)\nLD9\"\ZMβ05L,i:3Ӵ-ZF$lAT\nB(&bt gtD5u`(\ne4Q AB0-qAt-OqDDq8nhigh;L10<[,u~N$@)\\ձXPJV:p(Dݪ8\\͉Ik9ˁzpm/}S8),,oq?|þF\'c>{xov7v;o?nuGo;/|~ݞѨ!nks___Uo}nnn>?5gA%l;~07|ڤO&8	OtDg%{D\'.V#rJݪ@g}GFȖGTD\"+GR&V1y)PB0\"E$QHd=Y-:Mfbjz)&AqBCօB#\n&.kϹ--V90@WU2N-b٢Zt\n\"0&1JO@DA%\rfa~z٩(ҁ&\n5!R $e]<di6\"g-XAqIm\\rvu$Gl_rUIT$۰2;q\nAF1ʹń,O0f~E{H He?-1^w[oG\"g&~E=Vk]΋䍖hBv+B~gˋy6Q\rYf}\0K_=SQϧ\"pል]蠱U)WJxV&]Y$Ϧ$>|<8^G+4T)M4({$G5,4vZN4DH\Z4MZQI~9sGIMxzZ[\nIҕt+\\E[a BtY:5a4Z$QB$M:m/B]t01Z!ѣGdp݄˩߆\\>}?_(3/.d*igQÐ	ܓ;}&n]/oݵuć$a˨9~\0׿y%\0Go+ЏVÖVmg-{/eWIV\re:5v.C~5H{8glaȊ7!kgSK(QXieIBIMM7ܑ@[\'0T\0SB@T1:&s)O̵̴f;nKrűS(ew߂ƠLeLHH-7[feݯDTF9u^\'Ñ\\\'eq#=աѐAH#H鵯.`mm`If]GW5FX^N]u\0ɀ	Y`\'#\Z,;O?\0u97xΛ]ϋ_fG;j.~?6hoXsx\0ctЫ)z;x>K=Ov_D^\\Dd颳4(&F!4XzAr\nB%w_wO=V\'J}#1%MGaH:&[ZmmLjH\ZI\nD\ZZ&PS@6ccD[h%ӑ%\ZQPlւFRJm<tPIa@i(\"h\nE҈IFܠ7d[QH\\[+H)~Jɯ%v0:ysؑgWΫ>`U25ZbB\'Ɉ?b6߽?ֿwX*=x-|d$\rK/嵼$V>lz}\00kLfpȋypq.{=}<?|v8>0Q\'8ٶV>Ԋ\\ca)HG	\Zg%#`.)u1Ce^M+Bڍ&s3&sM;t:8!I$FQ!A<W;//*XvDSU	k7c%Β*ʪy`)o.QшQ#ڍ&IY	tIi%p8`yyyD­j.kKrq.-<߮.$`V}btYGcG9Sݺ\\w#y?]Ӊ[Ň⽿|$D>VU¾ir`Te\"J;K.:.l+IXu,[8WznWgL}?/}dE2n˂m{Ε$(Lig2vwv\'nWqK6#].^a_ҭ|cmm4$	8ad6i0ӊtڥ>rǄaDDQLEZ\"\nJRt$u8/!Z%iH<]oU\\T!3nڒ\r4MX^*ǖVXY*57L䶭0fvvqٕWTj76_Wm=k.R\nC^F?F`\'7}#\'7^ayLzӊdy	&0^+^\rx<rotSf6	LId4q\\<͊yև;Q ĬNx4Z殃#Nf!.o Dٹ	K,=)O}5|Z$D)QRJE7WkH,CECV\0M`lY`BPRZ)*YQڪPy(Ƴ\0YP(f)DMCJ~KɃX\"I,F Ebr\ZJAQQSvoraasX }|[ӢjR{cB\'`	N+cdq]<$\ro%ET/cW1c:g	j<~u2Z3Ft/jJh-x=O]6\\~ڌ4kB0K5+Fr4\r8̬ 	t(z%!{(9)J`=Z5,xtR]{^]}\\\'dd!Ȯi	e![fQ;}F=@QH0$\r\ZqDm\\1EQ(`۫*+0<nb/Y$jvȷQ䙨SFXLmr\'0F.fLb	&`qA#7`0atIF0FT/F˿Ny^ÑG48?Kdnjx:.#5jZ\nu_u퓳[59Y®4;À8NXhA |(R<+pERg	H^xñBSS1˷=v(0nND꫔6mO:hk颬%8ÐH4aR-e#!Y:#B(UYpywG~bQ[6ǘQ.oejÑx=iHLcB%.2^lb,;Qa?#ZSg:՚><T\ry\'<=um$hJgZ`W:$|Ϛ]G1`,Kei\"!ÐEb>eAifMtңeO=S 9s`J:J-)vQ:#yև\'\'V_\\ U~nO[ ɵWg\"v_&JJ)QU~}ݍGA7AfC=Kw3	Y`1s`	.aG_+ӚVgs!ՙFٝOv3\\jA95\0ϪiXzG(4FI[F\\GG6dyQ @^aI}arȳ\"˄Far!^,\nɅ0<O)\nIǘS(SPذf\'_0ΐX=glJ<C.v@GB٭=lye9E@.[|+O:-3e70%F $i+4My7;o|Bګ\"Ю+?zqig˖$[wd6t957Ą,O0-Ɔ@i	N\ZS4Z4V\"{ٞ\"id;RuጹYEa[J*W$x{pʯ:QrDґ-4Ib}a\'~\ZY![xgD0di&ZPJQXEgyQd䅐Ȓ໅sug$r^8Tu ]X1jguC\\OLA[)p;}2kJ/Myh){$qDy*o;!!FZYŒ\ZAuudΝ{)u%iUeTUFvYƄ,O03؁o}Th$MK)ΈĲW]#r^TBzĪEZpJ*fjI*Ue8ɫ%UEQ܍].Mcao$~%(lu*\\e%3PF)eUJk#vGs\Z`\n)TSLVK)Uu+2,ǘ\\t)yS9EQ9b\"pㄩVN$up#ayeehNTW\\]Tu;7	)_Jx:Gϋ|1\\L0$oX2^XJpecVAR,VǒͥʮD(cمEbO\'+LHBYB`D	;VX2=bKߑlcD\"YEj䢐zMGaHls[c*&֜\rd+0JzUi\"V(2-Ivީ&0ol4c\';:^Vkt],c`0pa|m0ln6n\nC5\';V\n-xv1$#Dm΅WGm6Yf.WԦ	&`sjA)!>P\n9$i2=7$ISުjR1ش. d=`\nӍeV9	:ҭ#8n3[qÒZɥO|%ˋ5iOBDhofYJ天%yJYKdiJ>\r;\\4dTr/\'pvH>7%-fԁdݴZ&k]f,,\rvy!ڿ?Lwul24,7HO+\ZITi:qLdc(D[;v,wkk\'&\"	t$;מxX͑dbC&7}EO\\^l	&`\rcLu^ң3=qr~8i2=@gzgzKYZ\rD\\_\"0>/SRNii\r$$`-.`IeQJb-g#\\Sw۶&9gNN^RnӐ\"B,KɳT\09y&`r+Q_<* 2ѨȠ+{V\"Ø\0E\0FD(aAH\"3Ɋ0OYC}z+,;Ρx;rek]>`HfEcd_Lw4Z\'ɒ_깨HVz:?\'lq*vۋ<LppqW!4&2կ+[Qs[vО%iø<PZ1IE{z-;#b[_g\0ïq*%NwK-	*%vI-? Ņ8aw^M`Oo%u;Rզv0\nS	;B$0֒Kgip0$MS,#M3>zAHӜ,3!tc7DA9clb\nHKEjl\Z(C0`eyP,sleŕ.ǎ/s|i#GrAvxCS?΁9:̣s19*y.!(\"\":͈ȶK%^ԉ3*ݪ~;gbʫcaFw(A[`	:3:#pduO%IYG?4ƅ+jU䧊pcF	L5]*v.qPI})VIWpr` jԝG~^ogU/iJOM!d~DHA2%-&8~]NŶ>ȟ#-Ui],LMo1$DaJmHag0\"3bQC!Y1IHITZhٞ:U(\'>;D?*\rtp12pqXX!8`cFe</B,%sfSڹt!r!.>`\0\nq\r?\n!rqF\rrz^A`7I=oy_\Zяw$:\"\':	pO8f?%޵@ȶYZ`		ɯ뻕Tɢ04%r4#BB\ZIVV4QJ	܋ڭ\"rº(T+#q4$t֝FpݵrS.-ɢ4#BVJ֖Er0D	VOm$.iϗt;뽞c4M0 @$yaH( 2I)Y*z΃nonKo/>aJ0?i5#nF\nȚ-HEw8L)ÇrQ:CyQ9vǗyaVWXY[%M38BlF	(0,->>Z-QYHP(,cm:Yw:Sўi_<UƎ<p}Gm^#ӣ|{}q#nuc	Y>:	_λzs#/&dy	#lB}y	hxKpic?חsa!Pʘ*oՉr~!E\Z[ds-s8&NJ+.j!ܪ/TW\\IUCE%e7/8~U]\n(Á_KEHMO3݌	FÔpH0`0$riJ?%I!Ǐѣ8zKˬuYɭ9,	9#V2g!MS`ץzOK,;Σ8xK+KzuyJPZ&[t:4-f9\ZViiuFAP<\":MDo|#IY.vIOnj(JeO\0w<|]rFwC4!Lp>?ݼ纺B$s^l8V5B\Z4,PxMRG%ֵ#?QC}ͤe:NJ/4}&evDFI!<RҌJ}3$\'OUʰ|?_\"hiڍ4cα%ziE)k=.-:+=~G,/DoK#v{,//G(I6R H=/J:ʑGX\\\\\"rֺkY:jop<ENhZS3t:Slݶ9g35Egj)3aT6mQ/mյ<4۶tA{-pmKƅIqm:3[{4\\{H\'8#:>=\Zy0!Lp4H综*	ڄ0{ᬤYYr:	ygEδKujD*ߨ\"~engb\r,_e>me)1$Y6гS5_k\Z;w(aFû67TJLƗﺋ\"7$V#fIQ99ƑEևÔ>4eevXY8U{]k_^\"C,c=2Ha:dU>a1aee+U^<~Ï]cSVWYYYe8LYu9rwAڧ?XgEN/̳}vvnmۘ)uE-#!c8&ٲڶQ $</+=u\\17<+ b+뷝ߦr>ږ`v?i&jo-}#1q;qB\'|}VG6yc	G7* Yf9-yVr2Zd*Ze^ٰ.0\ZB*s*dkK R<Whajm|5\nKDpu&ܱ~w׸/2nu>;Cp|yeِ4Kl K)XuY1xgB)LLɥy KC`\"1Ų00Pb/c?|Uz,X^]eiuY^_09(h4Nϰsvlޝ2l{ KjmGӌpp(yt֚(a@FEXꯓ9a1W<\Znz׆6wpn.pڽ;^ۻ\Z}R$QøK0Lp^2*pr)RY2Yxl,u#oS,,6_t=]Z.\'NeR+3(p?味\Z6cP}b醕Ȼz)J#تt،vmȓ.w]\'\r\ZI,GD@̟U_A2073-[ػg7f],3Йl14#.yNwg}0;.Veuz>kl5diNaEam&gݬ 2Vya.\'Bw	]~%ϺZ麧γ{\Z_}\r{le3E jgBw%DQdFVօ0$cdӕud	/8رcGYuhkC\Z6m%;0.|gT쟻xBGU1,ux/pFw(Gdy	7k/Tͣ\r֞y	$WƑXO:IN+DtvosIvݵ\\~ekJƎ!{J{˾584tMR557\rww{cG1,q¶9fZ(} djj)g2mعkOyS+t^Îyϱev-L:V\ZjP[[d\0k	u\0Ơbvn0s0/=zkk,,4\Z֚{wb̶t(\"\nB\"KypNA\Zk},!\n>V,1t29:ǖWX0EA޵oW/&iG\'?wϥ98w_ÿ#5	7R_}Ms<5N컏\"%J|=1s)<ٴxX\'!6	Qy뮽/ᬢ\ZF)tCvU\\BY	\"#u[k抌vq\rppz 4EFstn]$a~aݻww>lFݦPaF v$q[ffٳu{kv]ss윟c3iIBݦln6ɳfI\"cQ(A2X[Y(\nhZLOMiwH0mÔ<(ɳA*y\rdl%`Ƞۣ,1X1ߺ({Xgm}G;[msWP5wڵQiK(mq	N;6#ȶO򏻮G	\'DjS)d]<)*Q%iؔ=W_NQI5bgU磒KrDz,/tl?bNVF6;rw/`P(f(F[]0ر{7[oàX[t8Y_^e}e*KK./zKۓxai\".4qHm--ڍ(a˖-QjU8#>\"t4M8I\nK׺j`8rq=(G Xvn摑\"˫]^\'>Z=W^G75eSg|㳙#ۿıw8)X7^\Z:aVBMDp/I<|5	zBUT^<!LpaSIRަ]xǎ=jIH+Ǒ!ɌJ-٪9Qf|a+,_{a_ѝ-hS%ȴ3=i4;oH_zX\'.:v\0cm,o_c i$,=N#]Y_벶q?2++t]iFwmUB.;0yFE $TpGXZ]v|{y!=YtMYrFtaJN^G$uXqtyٙYV$6vfee#eFL\"/da1䑃aÏ[\'I☧?}\0~VVm>*]owK	ҵe]:]Oxjg,O_{^I#PD<+s;Swe:<&䆴ckґK ۓl	h\n+\'*88r]{]v-#$ӝ[BS݁~((:=R>Gotb#qalh$pz3ӖCgg魯C^GY\\Yd}ط1R \rGc}c<x>IL\nu]tjVXg#|3+xӮ媫`f́_(IaEgox&<q:5k`vŮK \nֻ+,g.9L\n,+k{af-g4cǎ6#>L30s&+(L]8);fmV\'VMF\Zy\\xG}Ͻǝw5_Ǆ,O8uЍW-Py9&<3N ]w^yX{[XbZU뻏)ב$S\'\\ddkK/ՉVO٘rk*BJGf7!B}I؝OpHF QwKX^^A8N׾ΞK/ceq1֎/QI)z*IYI:3\\gYZ<&ϸ1ِ6W>z֖ɇ:XU`享f۞L0=3C$1J*\nl5ɋ()v_}3^qxt]^d=M,ؾ\n^4i\r*XY[a	C4;S$fTI#i5[-1LMlEh(H+,-.HFK^HمwNr9|~\0pO$	xo1CUT^<!Lp>\'zxAw\\7FS84#Fɱ*Gǒd	#w֦\\%Fۘy.?WH)kwU?q*\'>9?J__ΗTVť],˫}W)0\\LAedYJeX魒m;ru׳ȂG벸*f\\eeWi7ɺ].Q!Yv\"/ejn8n1F.pG9z|8h5$a[vF5g0AH$qDw(-Ӵ\rf70uUVfH>XǴf(Q\ZY09J)L/JF_`\"\nC1di/@auU)\nC9IpmΥom⇩wDG\"Yto+j<;{Aoë`䤄Haz`4Kc{:\Z&3>KK,{:Bj-%qlJHLUv\0\"VF[TW0mLo\\:NJ	0ڃ_#_]x僇d/}[?/=(<\n>E1{]8fǮ]nennZ3DADeaKn1iur嵤YAC{]bE\nYuٲe3s$q\\6cȲ2ageu9Z&J)0bmKeaw~VHDZg+HZV/sX?z2yi4i64-80!iȎ|h(YeLcV:q@i},#TCjmsΏ[$Wzcp}wB\'8CF1CUT^<!Lp>\'z%qrm)Qd{8\"U?NFǞjrc/)+.3RxGt/ı*U$Q\"TOS9iR~+}AETfFaKWC|ţ,Lu:3͖mvbNnޡ\"IbI v7fjiO03mÔY?~*+8a֘ҹ}8&#R/pHgme`CAQw.0a8L\rLM1=5M3F[Z!ﮢ!IIvAդljhOuMJ15=%	Z`8L°gvb\"N,rlHcz-W]M#e_ \r[GwFشgM>Y0.L0\\YCsDE\Z_yYՉZq\r[OccGNG5R&>F//6B5!%F\nn	J6v\"#)FvO\n6o0+a[0BEJ3ٳm)أ45Ih&\rIS3NivtH\0d5VCe6vlΝ%C|H;4V4II0kdy3ȡ>+PDaD\'IyA4A(MaI($b٤lnwhZ\"=n7h5B;\r:33StvsӦiӚnGQh4Dq,4њFI$A@5&/hNMbIqDZ.lǵIƅ*&dy	&4xQzHqGy26*\\?Ʀh##cLL=Fy1>x8wdqUF(Gͥ5K.ګ[Rqȥ3$x*:E:$R0(hMyJGDQHZh$41NsL;LM173tT#a~Th6(Јb(,H~\0T!Qw^v؉Vl4XKz=<)q#azn$ٵs;JAhi4[čql6tnO3՞3\"n͈0h6IBDaҊF+a~n$hEv5aQ~oUdD@+E4a͌1v\\pCƳr&!e<LpNa\ZWm2c)鉈sb10cLtt9MTci]0PɌ8W^Hv3#\\W$fTKkdCgONti*EPk>:m22Ch(hЁf!a4jn7贛\Z	I)Mj\"h6bڍV#ՔQP&Gل%\n(aD4ؽ}SDl5J& &ϡ0(c hwڴ-L\Z lE1qҠ4HFc\Z\'!]\0؈d0X$AR*hZIDZ̈H>0FgyVPC1%T|\'ֿ>~ȄL%n^t	&I]Wlw@1{\rG^ʫfy.W?ͼrpRҌGUkt]lzX	0:{Ԏ\rw,XHHbc$Y}d!2Vk*OcdW<)#GodX$)QITEҚ0N0$4Є%@4tu-h(&ZN8ith5[t-ZILEDa@DQHG$qHj  9 : 0\"\n# @jbC(Q$	ӝ)(rt vҘTa$!٠4ZI8D]\": \"f\n8$t!PIPbN)D!`$5KL4gg)&\\%uߍ$ysw]\'̾mň	Y`	&8%$۾ܸv^[~yu4:CҼqh謇xSW?εR(6\\PTDGJe?k[iRCcTdgVŋwO]_م;q#icUb8À^F~J)c\nQˈ\"(\"IQB7H!FLD	8!c0&Il`lA>?NFAjdΧʃ= iٲus33t׺:\0S\"J&C\nh9wj2A@QBnH5Ji(BJÔ(Mы\"s쮁0vcAڶiQ(/aWTνp3	p~qsϑ$.ZLL(?ؑ`軞pLRp\'$w-#ho^r/m?︑ߙ v%6ׅ[p|^%Ueg\0U~#IBf{Imς3[SP\nChڍF{(@VEQ@\"m判զh7$l4:i5 Jn4AY]#	c:e4;9Z) #  mư(mСԟ۸\Zt]g+\r0aDhtP9v|0NP:(k.NkPAH7hF1FZnV\r<RTi?Q/1ȬOG	u\n>\\څC}qab:|QT^@ȶOLM0cz=|a#!񎇸?\Z[Nx׸_ʷ<w<̃51O@yk;cp?}#\0de.+?7^Gvot5pQ#iQJ0.\\9	/*M;JutR#fI50yQ	[Mfff\\$U5(NPJ$ZPi$8#IF(E٩wa<#NTM4RrIӔ@$}A<֚(\nѡ\"30PKpaE\ncH)Y1LS,?R9gЁHb<%:3)P&\0JKV+H@^W~6EuO෿K׹vg^Oa;Wc\"Ov~Ex/{ƥH`Q|/oHx#?F~S&dyW滿\Z^r?]]E<7/z5WsCp\rŻoyj_dYAczYgo\\gNt/hfMxo䇞^+av^f9Dz˳\"\ryKqW0yU^,w92YMsV!=gMx{d-7}/{|쀯?̲\\ddiv?EJ0)-\rg|eFȥfgy>HNT?Y19Q=`iaEetC\niw:ARi5h4P:\0Ci[@\"ա\\V]r[ȢENL}V(&\"th	(%<\'/\n Nf1?z#=rÇsq;=|%VVYZ\\fmmeWVv{YN\'Qs$&XR\"1v1tHe3MlI~cfn۷S!.p5Wm/AHUnÃ{ ~	&`	ﺑ_0z\'-Ϟe	׿y\\Lp_Ч?o~h＞[~/>o^u>}q?񖿹͎M~~/|2hnkظhrT\"foU/_xۏ|ooM/0dGk[?=OA~ɖ=gU8a,ɋV_#T#9`鸊{a,4׉\0n󪫈;-PpVBkMFa>\"8beunot8(Kԕ\"\0ưfYaJ:LY[[cmuG˗E{ص}]vI$F!y\"vBDnw:WA\'	S3\\r\\MM<s5WqecVZMBÀ$Hv-sܾK}g^癛n[S&/e\'_ ~AjöMں@eZ#~m$Ǖgu.a	fGGOb,O0O**e?K7J>O.ߵym=.eI÷^O3~`N*),|}yjr#n9ϗ~}Q۹Gvk82|*O>m?oѱ$\0ƒp?w2ݳ-\0^fE;r~5(wΟvpv:a+B]3\r\09bOH\rĜcg3I+ڰdIz-,HS֮}$vA\n\"QЁm-JDQDbnrkk>|~<ă_G99x _kyǝ/m~~+{=x!%K,l]g\\7,N$&ZL:<}vDR>nZ\0JkfL܌ejz-lݱmv)pٕWrel߳:SIBl&4\ZbA#CYg\'.nU1D/Y)Egj B@sIDhiۨ(i*!Ѯ6	`pK]bzN7BŎ	Y`	Td9\'P[IV#}3S̩P\'|zB{>=r6JC%q6m}5O{0}?\\kĻdm\\.>mw}/KػhAcx^!;q++jEa[|w)(K}2T*+l]:.\\QhLkN<;QRP䘬 r\"Ci-aQhϳev]=c}l۾3;7˶۸p͵g<k=i<Oʫ%Ovҙ#iv(cr)\n2PcкRa1V8	1^8&4[\r\ZF3!B8lhDqHGRb#2q?0Oi%8Jgg%0JaDyŇʒ]mêTmJIwVe*U\0d,O0O*\rb_4`SMX<n=`};	>/_y3瘛~\no|^Vx+8ڣ\ZeYw8\\m6^~i<]%	;䵈V\'\Zz4˾,v>ÔVȓk9:\"-:(7ȵ|SE*x4stZ[ٳĨ\"0\0.aTt:,Ff[v`a6ɶYضmۘcjv,v&f⒤A$\"R[OTQJa<WvgCT\\ݺsB)D[I⸁q # D+GFR (dRNrBִyNF)l*Imf\roqet	kG?m2v\'~a$Q{&`	.Fì^_˓3\n\\=x<\ra9tsC6׹X=RkMum7CÃ|H~滯qg0<mvB_=zZ^N6BaGgjfו)s/]G|Cj><7>紫Pǫ2[zAWDBY!u+!7]Tp\\8D}fZl;$M;(k\'\\y.d3@l8a%tڨP8\nr0haX!ql6vm\Z<c8&J\ZbW9IJrqY@k2bY\nI;KeU:ʞE!*E29E/׶QhUmv+s7p0\\!)&7O4M)D&|#ZH 8/}*)7RnuWon\"U%ʫ$E=_6\r<ZrLdڷ	&`sۯϽm:;#4\0,hկ|{;}Sy|lwBd;}ɳj#nYIYo\0Szf-\'RՇ1gw?>V?˷t|_v?ϟ7lkm#b&_Fۀ_}}O>hێg\"_z#~bȮ/KXȍtassNRX {2-KukU@J\\+%[Gkc{+<p˧X0u\"\'c۶h1ِ(IF!̷Rˣssyjq5x``OwuE\0\"#Stf]Чȋ4pH:MSVKvB[EQ`]\nʋ3gƅ(Ǣ(ȲLHpeEQ0Hِ4譮c{=e]{s!$!!$$܉((ZEJG+BCR>=}>\nU|EWT\"&wI&ۼ1\\s\0\"l4|߾k1s1&])U+gg\rXWse7fiN\nωsQ6RNv-C_4~t|v7X-}{t|Κ1\"tTʿNqeAS#7<4s)g޽|-t\Z{gpn\'Os_X~o=#´zT\'L7<gy+`#.١rSwvŜЉBẅ%ۚT枀,ŎuG8͟O_m\0ƄO%0頃  Oy&Fʋ݈c#-( L8iLft0*3VRDYU<{M<qPk-M2Z&Q[gT}Ta&2QJ>iO438#RtIsqnƽdn1Mc|/ʘ90?P}e%R+Ca޺v΋<<kͷy̼9=7Mj~t|_,<A\n rg,8Oɜ[7S8C2k9<c2l\'9P[Xe@i*kVؼeC^olFh+j߹[kDzĵ9\\GzfcGQF?<sQ6=<mv#(6XZa<^<E3,%jGMtuߤxTn| )%`$PkiJuŸ}B)ߦV(<#!o\\7oZĵ8iˬ0鵫}J>b)jJkۑϗȟ{.xlP\\Dpcuٶl)DXk߈XAnJf_<Op1<{\\0|}\'oQfӝݽmO~p׉0OP*)@vEEdQw[3}*f3p2PYG@)7KS];f!y\nߊb$UqƳ<\rPa\'ԕKоoRXgG&j]xe%\ZQb]zKf6&%M2*AJՐ\ra@Pqafל[7\"f;b<faՋi=oc_najA0YPO\' +~ngMωWg`/nwٝ2g51wqʼ;\"̔u]Geeic۶/=>Nٳ0aܴ\Z(ۍyR	mγ5BXa㷬\\\r	Qj5޾=;w000\0V\nAj5J*87?0.QDEqBe/*2a)$,$,Y-}v!\\8c\niBĤYJh\rDXQʣTx\ZJf69܃u9)S\"}zD;K@k~||]0AAxq~:Y6wfϦWq\"`Ql\n,5Q^HeX@eh6Z?7Rk5IX!^N`\ZzGăd>[<:e&#*JGH	Y2JA$)Ib\"`i!aF(cYtk(\rևm\nDkC澽\'2{]sθ[q1ǹ]_|&lI~lFĲ  L\'sb~ǺU.W z{R*w%:.[^Gx9qn5[ަiR\r~Bi HtB&IJmls!85z&)y$;YĐeMI\Z\Z$IHRMd$nliڴF$\"$&I\"Q$MM<m9Q(.\'ٴg.#M;2+SڭIvIjXm6tFVC%g=cK=Ct	*͹gޝEĦv#{&\\Yy5 bYA+fA^}X*UJٌnSȂ`vqr(E\0s)g+U2x$EVX:\ZXlK|1uB&zɈAf{4u#F-Z&QMbbNdbrF}ɱQ&H-tFQ&#wc10N(EB7_EkՕ~MJqsWmR(˭gWmiTB1-y:˂ 0Mrʄ+ĊPw	\Z\']]\'\\\'+WnaVLjH&U|5adIĢV$1t(wYWe)iZL\rS/c\Z|v;;nclx&ƘhЬ<:2Lclyyj:v>$It(ZCfb\'wĽuuEeݮnΌ\\&)6(xVx*YCh:#h(UWݜ.BaݽZϣڇeAAN#(s_+=\"-vʺiӵ~7m\Z˵hT@\'Li뫜wUVɚg|M;	ifލZ4	Ӗ1	G>>0#;w0>c\'&hMОTE3o\\bcc$Q5JcvbNS+376]3t*4IH8Ȳ$n&	Jy	RLRcQԡ,DG)b)Lzf{\n:oÊtW^\\ψXAiD碗\\l^D$=bGMoFlc7Y%i2rvǊ\\eYf|X?s\r(=Za vb2KS^\ru\n\r Vce&v2\ZW%jFfgqB);of\"}ҨE}|(1GGiiAP\nU9gR4KHHuF%$:!N#242cO4i\ZƐ%hij,W]Vc࣎bTHmA7?fΟͶλg6&Fu&3Ph<h[[_\r{R@5ψXAW\0\'sK^A;Q4w&Dcs	wgt߻Ū췷*hgu&G\\6?;aMcX+cӆi8o7h.QmxOT}(&⌍|ӔՠY@~S.<,͈PU*}}	k	6}L)1jvE\'$qBeR\'qLlMv۞c =}Ad>*KTν+;r2ɞٙ+[Ld*I]w]h?GĲ  L#FF\"E\\3	S69tʵ|k̅9.eV8uE1@V1g\Z(%<Ýee LWDcjM5[nbk8<P9ٳ(UK!~)$T1{&Cs=4̜&~˔(W+$S	,>R/:LXg4&ƅĉ4M	/?u6#KR<?$(TH3?ۺyX6ػyu65\'U!̋o\nq]{\n._#bYA\'DϯB~.cYae{qM4cuN>@0oA,<t9YJ<gWݨِjNIBlgYFDq4Ce֚d<EGJ\03g00s&Aʵ\Z+RHX*m\"߳+HdxQL$IDY&18{_lHMJJ%dF=PAHV#CTA\rV$炷I,D:s`pG(;\r1^33Ig_61³jQ\"Aa\ZɅ%7&	`ȣ#^w;qk0,Lg49ǈiMw-{,L?Px\Z\0CK3|8s2\n$ɒ*Y)E$:#C*\nZj_~+xAHX.gO\0f\Z~	Ij]+6Y%E$!cl^86SD+$0r_^GkD(΅p#-6gMt̊r]ki3:jCĲ  L;Fv8FEyY_AXyGu9+#%ZXOdK)7ew[^\\:ЏhmlKB:udsA4F!~9}|0	0ib}&\r(iԸdYFjVk>b܉ѱFH#f|gpl \09#@\\۲}\n\\mra\n]mrڥ>7fg\';ڻo#\"Aa\Z)|.Y#Jő3\"|6enq1@F8dERQ0)eY\'GfcDYfb,gaI[E]lb\'sj_v,3b4\"m7j3~}°LP%Y/Q~`\Z\0AL14F\0Fw_n뫶21Fx\n|S3s^n<tCls3iB)gB*˂ 0MVNv[K5ߝY!ěvmtSJT<,-e-n]6?QS-Đf5^$~R(PZ籖l~#RqLEqDդjm<R9ӠO((x*@[yJ()! Q]f@ej-ʪ TXe0Cq<RJ?=múuDpⰻy\ne{nܵ9/6u\\Č,XW\"A#\\	#\nqbS;r\\(u\\awU\ns@Dib#I&ilO1If)Qd\\4||0 .Ti+L,hK9MS#2Y1fYF{I5{ͥa2KM(;p\n?*}k.XJaN|>7(+s|u\r6ֲqm0O3溘\"Aa\ZQV8AG.|Q#`p.l<~w\08.+@Q69?fӞR&wc;N(\\R؟]$I\".!|%e&3yfv.NKb)8!jEqB2ӌ&bVDҊmڍ&i;&iE$혴Ӫ7IFnmfќӜ]2\Z˸28Y\n\'Zk2n3egw&Q6J\n9X[k{+is\\kH*T(nF{7\"Aa\Z1i{G:?y\nϷ{9\\[#hXw}5Iymw3箝4l:3q~\"jٵ;wҘ]oD-Z	\ZFR#iMfѤ1:Fst{Fh51As|8:1cܺm}˳޺g7>(㮟fl4ib#RR24ŷHl:c61+#7JY\ZQE9gEp@Ώ̞g\Z/sĳ6[n\\~_`\\XAi#)Fx˰k-%P!w+o\\\\IeشX=[ϔ;!ݡVeNj7I\'˝+OmkFpmiBdx.vnʮ-2s;>ˮg3s7{i7=0:qZMZc\r#ēMQI\\oL6D&IMhӞl1:NTj̘ax&bяBҗ|>/*5o&ϴSS0$LcVUOaZ\rmcܯ̦Vk\".{\"bYA;CGȺdNtdHQNT2LyGkWߑ]0vu21Z&+7ʎŻQl,\ZWahh$Q8cLjћ6cD۴\'\Z4͈ޠ59I}tDQ/ք*Uj՘Ь̚=~g/$\rAט˿[hr9͜PǬK]cce6	EԈ|\'.ʲiFpb;S&Q Sy]Ukw\ZvnAbI,\nF#AHAp՝\r{\\\\Fvz\n?g\'t;-̻:k\Zkcǚ>aD_\n{ν\ZspaRV1{31s&̘1ըjKe*U183fPWR-W0208HFO_	<rX<B?\\.Q*Rn.\0M؊[x08saq*:Bcevs7fLU	j7צpW)tɴm6\'3oLFϭ!bYA+KLJxf-?ىW*::^v,{[) WY/Q]BDXW:`>~X#.AƤYl[k]HyAP)W+_T.\"02A%J\n}}}e31Q)W(zv}^+?44|7\"8Vh{̲4o4eN)Wj͚E\\pp¸Xqaѩ}]l$\"(mbA+WywD, 4be,eˌM\r#\\c5߱<h*0by\"ku	X78xNRmDsЅ@rZ)#=/ (TkΜA_Fs~`Eq#Ҍ4N@w·oڸ$qBjcv,-,2|AYa/|{Z|U}?+xfc_PCy&o7ű<9-LO0sjGyyav:v`~df*#bYA^QGp4T;Kbw\'TGxu7E=mRCGLzf\n2\r>ڈA桃r.=&d$I_y*wȴc5TTU*\n1f&iGD6F٤5Y>>zdfNkA$Mm9< T)e]F|#ҪXuc291n<dr_9qYB89ssډyNStps]8ǹ\rn[XKRc]dP˂ 0qE F\'9Qb]\'B`uBG`l.t\r\\9va.Al*>vvκ=_.kdB+cqN͝kY#b˕2j31H\\BNɒvAcrVN$j[MQA4\":j7M4Caed(/~)@{\n/Mlg.\"Zk,\Z+ϴ6m43Σ:sXkzqbq+qηٜg/r8+c70DXf`uc, ӈK1\\EZ{6VFv+[@w[zNvxsȦ3\'>la,6*\ZdS\n_qoR@gַB<,]~~!}}ePAd(?%ΚII4kӊ$n&%\"x}A9 ,TjU0ͦ>00cT\nIqZ˺,-m6&#?Y̒3v;>R9Sw|{XAi鑢8q}6rH[heŗ(;\"L6q\"} FóH3-&[_q1&3,bBx˸lx:#\ZTGFkkxe}}UJ3)\Z JJeZ	UK%J2Ձ\Z*aW>~=Ke/l0(&NSQ?Ń\"uev7G\"yqZqJgi^ײusfBu`ǹc\ZI;\'U^Xvu&qAa|1a_f5rh(r#ܫm&#{/+n[OEx<	z&3=M7@JT\n\n	adv^GiַT*LR&,WU	%Jj>r~JrJX)SP#,LjR&g\"z\0P$sp/\Z0Ef#ad<yd\\0kq%۽Ǽ+oNZnDY1e&^;Ѕ_:l\"P<q_oϚ\Z E>;[鉥ue+Dr̽UQ[Aj|v;4>`~W=\\0jcn[{?w<.{qM$(mje#I#:dit4(߸xOA@*TTjRZjrjV+2j~XCJ\nADP.\043!ߌcu팿Y,$qL&bc>dc=\\HxsgճFZ˲6ehmƔ\\o]>V4+l\\9ƭ|ɬ=ڹvJ, J\0q?cꎄƼ^+rݽra*[w62welzz+7|;o٪M	vogtxF0\'iB$IJΕr+R\n{(BT)BJ2UJ\ZZr_jXUʵ\ZjŔW\\&_T}yNg)Ju6Vf6ڈ$!2G$J#v݌ONis҅N0scOYM\0S1mDt.Y>XAiD;OAhR.4\ZN\n/\\NPu:Eq/wL[Z(322w]i4Dq$683$&qqϲ,s\r3˦oc!4J%07$,㕾*JrBZR5	IB+3<|E<FC#UssSxyh8\rqm6~u-\n;\\Yq.58\\LNJz5[p\"uZO#\"Aaq(\\;tC/Fv,N$f1tT!9f/ws/}x\'ؾ}vVI5HOA%IJFQR\'cE;jYk	#$*#SܼG>Izh2?9lOh)ăкZȴ\"STg$i$BY\r.bݲ6Ihއ_&Fq~X̡F:.~ܷ\'׶E\'2y, ӈnnGF:cW+}.?茖Yf9fuVX6\\}5<V:I\ZM+LT#(3t\Z \"v\"iGdiNS8\Z|_fLtuHw.\0|?-Jl B=+=*.+\'\Zt)TGVvM;2etj,hl6z]wC>IAj3<ZƇ=әl[믏]\"uYyVp,NT\"cȸE~8>/+\"Aa\Zqn\'ud:y/\\9Fbℭ-\nb\'x\\qr\n>ںgiʖ[عs\'i\ZGMRXi:I6I&i\ZEfFFVcvN\Z-#0-8kI;~¢0n|^+;Skv,ӤIJh4h6LNNl\Z+G\n$iJ\ZD-cYn68E_7>N\'kTJq$&;*?^sݼ^qؼ:, ӈ#\\JZáM`\nӎ+~zThK?iO[!6mj\Z?41,!R2L,PZ{\nG$jƸvfIQM܎!&l6$P6mRX	<}{5Q!<e\rz.qJEqE1f8IӔrLRA),YFjő̘ffsc+j3<:-?g6Zc8Z\"ܤN4Z912ݝg9ks8EPR3ަsx bYAOlǂlPv}pǴH\n_w6QTr\"ص2s>̝l\nמF3>>ɖH4Ma	yƱIEe¬5:3<,Hӌfblɉ	&&ƩONҨ7m8!M$GDIb\\2R>Й4&0VjeĹ֊+Xɴyxdʤ6ij\\)6FՆLSVV*xIv6鼓t&XuFUg躟S;3{xq\"ZmKE2_cg9#/7ZE3ם>M&oD, 4ℇ;\\Xa޵v^3m\\7cE7ׇXۖs\nѱ{&\'빻B)\nL۲gLƺI{&9IT\".QIj5[-\Z:F7G1Mk:#IXl˰_G焠Qyv)w0I22kM2VEl)>A@fۍU(4mdY5Z)$m۹پmn3c=wss$n5tDtgdHW&1[&~\'D, 4sj,uD*gÉiwsNr+\n^f,mvIn6Bӊ2Rl= Kb|#C&\Z)̦њӘ19I^>YjnH$H$$&N261ˮƔ)s\ZecLH8Ih5$q2Jվ<f|&d:#dI	6IWÀ,$4m6=fFFi*X)SW];py*MCkϽ}Sg幄%S?{	 :Sײ\\/kEASQPW(XMyG8թD}&:eǎa(*$16^wq4Jk|\\*#I=V$ccF4Oi5[?jlKke8MTu\'S:#JL82.[>IzAD\\]?&7Ig4<dYFYf\"46?L#Y\0ƆӘ˪|f\rnen:lŅg<Lk3eaGĲ  L\'9[ūE}Ww	{wʝyVǞȰـgErVۉ43l*\0<<&IBբ1Y>>nsN\ZGQL;i-qVԦjw؄$KI8Kv\Zi	͸Mi2\rIjDrj3\nIBuJ0<JXϹ,s3<g{r\'\rb#7Z$_s62JG4=ʺͧnɠiywT_˂ 08!U.;-`;N߸:N+RqeM՟.z,,ضm<(tjeտ4M&2\nx\"<_Q*ÐrlfQD٤Qo096f6Ӫ7Z1q;%\Z&iJ;$Ϫgjg^;#M(eۑu)IfE^gldvEx#CJrT(O;(t&1RAE$idT	CBf,ިЃs	ax招|׾wWZiML:[4FqyEm{DĲ  L3E1ifDY!oޮv:?-M_nDOf[$nOBlqbrno,&I&ԛ&EsPrz	FӬ7h\rZQ;(6.Q\'qG)QX$IL:JE->>(F }RɄ|h,~Ňu{(=_R82e;Ƨveq3Ϋ{^Ÿ⼂`hյ&KM̜YMeAAf\r.DWH6\nn0nt§VxNG4dw6\n\Z䡔_Wȯ5Iqv\'SXkR4*l3sfΠz@Jaʞ鿯BxvɸW.	R)4Ⓦݦ1`dI&h7$QVdczNˊvI216fhu:L댏11:8f5JRDyeN؇A:$%aP\n|P&t)y\Z,%IbNI(nf	<n+EN۩`e9o5oՍuٸ(Չ|v17kAec$Y8:9WϦ-m:B(;u[*+H	xhzB\Zvyi[\0fUB>O&F1On>~{	K%\'p>2jrB&j7hL1:ɱq\Zu4\'\'iMNlL211d}	&e|l1FFerrIy>10#{091A$RRM턳:\"Oh<d%#MS|JaƌgbӦ-c}*VME΅SF[ܯ,(>ʆ˯W%\"AWaWLhA<,yD\'X8gM&?\'\\թKʹچ:JT,Jj`Ň,kЈD\ne? r`RHa@R&MhU.\n\rL21b4ablQƆG3aFwf݌6Vq<&{ypVJ{>a\ZAm]*qF\'m4MA)mԞ+~cO2<<)(;RQm=6Pд]Pv#S΅C,˂  tgsƈN\rWsb׵6:7\r#npv=IuƦgh4ڴu&NN0@g(se2ǷQ: Ɗ{rZ_}\n}}U<\082ƞ;=Ȏ=L01<1\Zv`crd4	|l8|;YɝPg\\2Cl<؎-&(|2Z=Pri>X/Sey.VGgc3ӉlUBVAqdrUu~lFĲ  L#EKA˰qwu<W#mT#TݢRTrb\\	(\';{ye=mQOH0mK؄D<EzfSm<9< ({\n?T*_y&R\0B2jr4gYLvAMԌF\"nIm6)QYF)%.J;3vud)?oŴ\04صsw^愭\'p;smp9G;G:K3Ry\'ֻEZ;M, \0E+J[Ϯ^45յ:~/&;X;:}Qʘes#lݶvI46Q;2B/դP`]3||+8Tf}\r޷cdL[N\0:\\4b\Z0JaS*\rY	%h\0DxUJT*v^2u]?V&Fdė$1I&&gZltc}B}35vn#qUAu坹e>w3\ZR?/ʜc϶m9BµgD, 4_G9Af;#m<4X\n~ߺ1Ӛ(i4[<\'y4\'\'h6\'$H39ψtEnp(YINI\\ӹ8$Ib<4{<׹tF_R@ZZR)10OVVVZUc\Z}\nZRV)O`n>v#BAfmb.,\rA8MMܽúFxg^g˖gכQEwmaρF1hO)e-䞵~:*Nwޟ, ӌeލe#|B։^k.mvBNո1c15VJӗvc0O?>>BޠM\'MMh|g`ڼtjZP^uͽPd|? J]x(R@P\nP}R\nվ*51A6GBX\nBLtF=3~NУA&.~纡56\rw\nJ)?f\\*Y4N,1uv\Z%KmSek)P9wφWqvXn=Y5Q, JK|Ή5c˝t׵U	εrZ(IOmmw㶟?HSOoc||(j$1iEm>`b	gdFl\\e-XKlǷ`t.%Fv!Zkٸ6BFahARTRo>j2^D-,5yϺݛqMl4M\"<G9KcmN!Vf&nsxu[z:Xq͵Rw~USOCfʹF~[D, 4\0*\ZZ_A\Zc>NuDmk6<^Eӌ;G_>8jё]֥\"M;}LՊK_)$1)mы_#RWaJm;v\\}crن}6^\'|]XByi?wپ\\<X\"ōeIZf1̧,ɆIӔ(N$i/nfMbpcFJ\r\\>`5^ǿyFĲ  L3FeVtsQ EAfGstؕr}k5HMsn7x-[b-LN3k\0qbttLrN MgX6uوg:!R>YZz5He:3ψނe3݂<\\*X{=1ηk-/E_:͌\neRDq.^ZuFG\'f\ZmÝw>u>JbbĎQt(#lψXAi	\'8mi.q/0\"($c)vmr#;+){F}c\\w{_Ogxܹsٺuc#$IBF?)Ϲ}`||RHf\\q˰Gab&+k]R݋עy&\r?FP-g6m`-\ZN+1)1}q?\'\'}7H$Mlr(vZeYYA(v\\\nh$ia^_{Fƍ@h+p(lQ\0Iq2ocQVj@Ĳ  L3-^pXo;䎫 :\"\"aiiF	OmzoO=wlj\r	q6klxI$!\neq_[IĦP^@ʬkH!ß;_+s/>|$P^8mf4QrљhMVpqpߴej,\nz~_kW=CCzk95<e$iTISOmz	W	#]ͅ\'J9nveAAFsVNWZMcNw!MRÓt=_ʹ1cÌٞќ5	B#:&	###F)#Ímf+<Bk5ʁo|x2\'P+\nwφCO1PxxxX`8ZԍsXlIb~ŉ=ܺk)|cvwuBl,l<\06P	)_6e{UDH҄]2c^pqLdѢ̛78ٱk\r|ǹX;kYfe\'͹XwSeAAVnAl-ݢ#̻g<GH\\`ۄIu$OlXO={&Rg4IIR9L)ؽ{,8I6m(8T׌60qqX#\ZP(n+;\n3~)DYW\r#4YbGg&RM\"z1n	ڎBP)\n4M19?2P&֠1c{U$]gf^qPh<b#N3hc|\0~Ќb{!nA3زy3qlw=_{:F&=EKwcw1pZks<̫\0˂ 08k\ZKy/~.Z͹Z:=q.Jb&\r\\_\'=룴Z\rFCP7f~nI<㶠o~@g3>Uù_^>0B^3~| U6ks\\&<;7.\\\\>]$wM3f,\\,5!^`A gYFZX)lLis\rЈ:FYpj}l6VԦluFyv揹dѶY\r32%ݵ3jE+r\rbՀeAAVl6}\\,\\ocu޼_/x108<	6o~˗sتZvD)ıiv]s$PaX&JxxV]i+\'(MsV0p\" KSU2#ua|,E29wK]XY\\0`Uy2Y,#JbkM5IXP\\<[Zŋ>(Eٴ``~c1鶣Er!ZjN\"|i_L36WŐV\\}lFĲ  Xf3ΪZiN9\0\'$exd{nyw0:8nю\"2={UVQ*\ZqyyQΘ9O)ЎZ-qLf9My׺TVИ\r}a{̌O0\n93\Z4f`5\Z+RLkm-ˁ\r|/Px~_a7a6sW6-NܵB/QTF)	Q	V#Cf\nB\n0ᙍZÕGT:5l4V=#l|)Q4Mh[{1nx4C>ndˈu=;\"AaZ\r.7GG9+261ٰ\\r?c=۷f=LNNE1qb,8a]qǝOA[\'&& Xu*>H8lu,u\raKG	V=L+,%ͬscpY9gYj,VM9fu=eV,(ߺf	Sgfn֦~L<N\r\">}J0?y&\"HrFI$z<DghG	geqk8(&KRys\0GGhuo^RCR.駹gq|Cn!6o[W[tƻYs#bYA+D#pEqeh4lzf\'7߾-p}ܺvc=ϲǙn1o<͙N\Z:$Y2wN:$f͚mŨjvE\'Oۄ#$1qi@ArJd&ъ˓l2\':.}\'@ᬻg~q(\n\"mB)Q?knl4Ek3닜f\Z(%B<kؖvY,$11{pX1}|e}Uq⥴mw!M3fO5_.<;<^`iL|ss\nD, ´H3Y:wԛm6n~=-w<̏ou{v11)K,Vu)ДefΜZkDQO>R$8j\'-MSͺ $Iљ9y>Z(iEq.f[zjJ5F+ۥDg|l\r\'%qCuߎ.\nS7Ʊp`/wBa]:$rS>Zvmuֽy6%wDQK2\Zh6M!Dy,8`a)O<{![wlcbb4Mט3oIҎbWknM6Թ\0/9[(aϱ\"+uwNqcM%/ykZ_\no_s8˗-|*&uf\r6<x|02<ΞݻidYB&I̶\'MS T*I\Zc&&&ɬp9kfFhͼy8l߾fٳ95ڽ6>mDY!a(F{prWE?@K#iӸFP>ZQrt\nlQh2E|0\nr6Ch_k 6VQFiF~B6aɞoU)˗/eѢ\0عs<yMJ\\Mo=\Z:cccmmab`ƌ,:pv`tlѱ1RQM<&ʕ\nf\"\'6<\\˨C]eDaxA5w{٘g}	\'v=ZF9Pc!裏h|g+|*Ar\n*sR}1Rjoos񇳼&L~JOS<>fͤLʕ*Ah~7YHՍj`i*XݿN;rw=?\0 0\ZZ*^}6VĤڌuf6nyI4F}v\"\"\0 (gc6q\0AXv5\nͽ??2<̤W(jDQh+@144eK\rZ-H$I07>v9t1Vk|<\"tY{vU\\sݗ ;EGpIm~~\\\\w<q+fvIĤI06<AʭY\0l%F`ihiO>OU*\0M`bb,㎥Z2c|[,	+Rd6MwE$YFGY2((Ihh4adD6#ղc=u]_gY\ZYhㆁ:w0Z	йN-EVWgMwRp*\\_\\]ȼ8͂%ءОQ|mA>R*̦$N/qjx	WUXz5}}54q\"Й5kGurzc;w&~ϼs9#QJ1693[6s.֯[_|><i˂ 0h\r:q®#z~xGٵc\'8v`]D6fdUxG;dlb40sj1::¸uɨʬ\\Z2Mn3@k_a+We|?T\n	$O=\nV)~yM+!ӝiQ\ZT@OSH\"IR04ض|<ۗMp(<68U1uY0:lY.SHlm-Ϊl#/v`[ͦq83ih~aR*\0AiH|.$638ìu#޵(Jf$qhdYFRX@)426$F	4a1߿v6<TĲ  /5Zg{-?8ffv(n3>1ƆO澰61o<j.6`,01MYFf_0xk^ÂVzGFTlf8A.SZ	54nؚLȼ2*if;\"@6}G+#3\0yx^@v´9+2~6e֢[0aY{֨\n:гI~Ehyd	%AhLx^h2k_	`YhET	lj&qJ__As.~i6Z6.s۷sm$fc vq$	+W%v̓=@nGm  b͙xWϺ{FbD6M;΃c/C=Sl\0\Z# 4\\w?0Maƭ5L&Vq<V$b6V3Yr0Q31>γ>K$3g$|4l}v:R%KfԦEYʌ{$Vge,_uZ&hX:P.ΰVJe<qPSTJ!}}**UR`ĩE)e7وIQ]-Zwlg3u \'Ԗ}.q_Oͮ]\'N4jМSoL2Ѩӈ2W&2$1n\Z\\\0<IZM>^ʒP\n͈y?(FqVX̙43)*WN6FM0:6J~\0(O:+Wcv(񟏣ݻœLwAw[vmNڍ&a269v$#ʕ2LNNmJĊZ_( hIkZ5k24{4NzpyT+U\0֌099AĚի18ø>kq&@u|=cŔ84[MP>*J	IbDY+|UUY 1֟؉=\'hM|&atJ;722,1^2rg`ΒD%Q/[D0Z^0+wZ\'(<X=#뿞e?_le&eXjWl099AfAHfflܰ{K\ZIhi\ZDQ̙3	m2˂ 0dIB$65LDq={xbÓZ-|%Zسg7s7۶m2҄Giy3d^FR!%ext&\'\'g<jixJs*ZXe=e!RŤ`֐i6B+M+nюDIB;HTLfs[Im)<?DyaX!+ D>crhОGL:m]Q<i44CeWl (y&\ZBضnRfC\'(|^&Gj12bG&Ƹ(e,ـ&)8VDwa\r[qI3\"|׃*\rJ~#><ߤ<	N8U+V%LhaP\n|uՂeAAF&Io-Ϡ\\GiD^\Z(̞5+!G&[ӵkrG[ftR l1<<B$^U+V1\\o˖-LLNf133Tʈim3Qj,UvBUۘ:hiŚ+zej,3M2Gf3<qz[qP}8gNScQMXuFp&1v&5Vn[\\CQvL\\&MSvc2Ȃ2x81m$vximısÄkKFj#}0Xh~Yl09Yn򖷼ADl4Ku{=(hw֭-e2\'uwqbc?#bYAi7<Dgڽ85*\nAlxx:}Q#؂ZF\\T*l6i6(\0|bQ*XdsfA Sfsc=]4,;xK.1I0R*K%|k41)XU\nl9r.\rN0GQLd:3Y&%$L\r&Cgfn{A~@6!GR~NkMf7Y1K#g|F\0Ϸ!l r0B\"0.]$M62v\r?\0||{DqLdCʙ1+\0ޣcrϦ:<::\'fr\"Tth4ڵ[o1Dp\'&[	4-&$iJU+4\rяx5}GĲ  L#Ifb /Z9sfƪ\r(7o{3gNu<ϟ<p!I<ē(Q)U$Nxx:yQWüMAوfiS){&v6,3w]8=lɪg\\nuʸJAꅴ2(kI6\"nS>\n|LxhaB\Z |0}T+rX\"Kaa|5ؾYkھR/.\"\"I3>>]#=?,=$MiE1qj7IR36߳<\r7vE\'͛qh;&LEh&\'y\'HӈRp҃Uk;w{l	i	Jpk9`<,lh6q7\"Aa\ZIӔRٔ˥\\8gb	z΃>{Ѐ,YNzjZx}z]#4I)L^;EMO3::B_ª+UkjQ2}ϧ\\6\"3Bom,yZf?lyd\Z6s<qFK(ۆo<+:R	OF:7\r7!°_T劉A*ABs\\J%d3~~R&}ah~uS@܎OkdJ\r+Hlh8t;v$F4$EXAW@ac7ɲKf~N:DVZ&K~.|c	%wQJ180`Iw=b^:z*_8IkAWgR\nVUThJqeycXa\"RdI1Ff6\ru\\~A0~?X%m=hvV6m~cIR֪$#\ZJ!X<w.M%mZj@y&2&nq>$D)φ+D@c<}sW#ScNg$ZW*;sq11:͛GhJ/0e/d!85\r@aYHi+r:er5_[W>ǌX `\nA(&6,a_CY\"ISŸa0IQ;#S?<XA_y!bY^MbY0AAaXAA} bYAAeAAA\"AAaXAA} bYAAeAAA\"AAaXAA} bYAAeAAA\"AAaXAA} bYAAeAAA\"AAaXAA} bYAAeAAA\"AAaXAA} bYAAeAAA\"AAaXAA} bYAAeAAA\"AAaXAA} bYAM۴\'o\\)8+ƺ\\aΖ\0_6t+--R!bYAAeA9Y/n{e;\\tEVAD, O~WΉ-z|Gyr6ܴ~q\rpqXziMXA\\,A@Ĳ \\W|~J[zqcc.z3/Ǣs>YC)?\'ô|աUA^1D, ?狗|Ú?w9=r3k=\"G;h뉟rGoeAW˂ ¯8uA-څOmIy?k5A^1D, ɢ?\0A\r`Z>{5\\X\0C_W/~|\0+ˮ?>sxqfp6ɚ]Wq|ˮ[W.[`wA^Vԡҽˉc/C=SLAxќuՃ[1~\'8|w&\'clOY7ʐ>q I JH\0w~39Ee\01T{\n&\r_7}n;N|o.92xł%}AO%7m^L^E>gӎeA~8z(c&3՜u\'X[UeAf! <pu?[(c|2\n ;XAA} bYAxi?%K9b\n ;#>˂ +,݈ϲ   ǈXAA} bYAAeAAA\"AAaH4i叆ј=\"sE,3%囷[4H4Af!byyN> +μǚaoKFW~xZ,݈X^/X8˂ 6rK/)?_xoѴ\"bY,D, 쯈Xn,AA~5y>>\rg=WCSGW>]l||=7|ȋuO>{Dx, ~YYD, 2~Kz|Cv1eAA^fN\'!{9(\Z,Kz6>~vs%o_~eorx>ǰapkƏ]ٹsW>8Ws={~Nw%oî}[q\"O.\ZW^{k˂  |RR>{u@1|g2ofp)|[ZOݽ~(S8ou}a	W\r?}%xkY.n=\'y)(o9rVEg\0|+GYې\"AAx|ͺ/?cF6e\'޺\0N\\Q]./7xixݥbfq\0?|8swh൜e͟=>K7.`9C?E;]nN`\\`\rqb]八ކ, 46q+(V>ojUѲb\0Qs\0/rt]r.ya\0ho﮷OiH|o]yn)Է{k1/\0R8\nωeA^Yfǒ/_V7A~XG~muƚ-[oUJ{ݥw5kİ?/r#?|\\|_/]˹/R2lD{?+X~)\\sDm(f/g\"Nw\\NK|+=/56ld=4l8 ×>5\\z\Zs]vP+ݿBuکr,=XBr ϻZWGw<\'_/tu{Vsi\'9jKo <}[w}\'sǱsY,<bN_\\kuyVb-|7s}j?t^Ǵ߸Qp\"-f);7Vrʙ}jN:es欳,\'畷1N㬣\0P^v\ngt4k>>8SBާכN8b̯ܣ椳fq`aMws-\0|Wr6K^[>cIGrIgr֙18uw>q8MgrIYsi2hײo\'o<~`^\0\0}IDAT\n\"WѭشGo\r<hAk:6m{_\0;KW~=	dHob;̞0Φ?^]ș[5sAfΚ\Z&j|f,S^Jmh+vSMLx|qA\\|\'uƼ-\\jZͲZ{L/N\0o8{w\0ŧY8Vb5+Vw>}m+{sXޗkm|q{[v)WS1N)[5kzs+絧	oXk]Cz~U/Ueaٜo/{-?>Q~)7!~+f*CT<mV{>Iw/N8gģ0ȵ,\\_Aj8syjW\'p?>r1jNO~T`k9u{284s.}$[~^68C䂿$;sf^%g>>ҙ%ǯe~WLmşl\Z<SP)ڜ[|?|ﻯ,?\\s9srүc\nY5S_C_}׭}+|𓜵P8֎?$o?׹B7ϛ|>)b*[\\9+8\"΋3c]\\#W}/?/<18\0_Eɿ.po冯_\ZEފ]?\Z_|뫧qx,O~ӗ8E</\rSهu򺷳f\\>|(lO?S>\n^wr?	zg߸q_KXs9SNr._oٚ>*teٜuFX?ܥO.]̳?qnck7RuÓ9\'p;Ȯ7~voGŞ{/7|Y9\n;N/\\haXg羞yvqgKˮb1(^o*ns*}</p7yY\'?O_IJ	KtWyp$c<\\Nw5|^[/\nojGf\\;\0>_1[Q\"?.],toZ|W_v	w{,bʿJT*9fou5o`p)ui.GEs8S8f.%|ń{E8ey٧qk|90X^|VN׎|+?]8BV{\0T	Ʋ1#5~)~dճ˸5Ǻ̦gy/j^ *Kcaj2Zq	-3R셴|a+5H\n<Ddymޛ<g_a\r:|VW5zw7zk}Vs.w}u#/O+?|N >iʃ >^65X>`}2_/0tp&c>ח]cGq~Ǹ8Ԃkc8-⊇{+\'}m\ra.<gڎ{c8?7hh\n/\'jʏtTʿNq2eDe[9smo#s\'x\"077Tekb¹x[;ۜ30{>s^s<E|J+N`,XtZмXm\\\rj%K::5GEGpԌ,8f%sscu=z[q:gXx.-6kG\\G`l>G\rVq2Y< f5{r`S?:ogs4InVmvg\\̂d`P;v9\\⡃Yrjx }3Oxϟkw\0s`c8*YXnmXx\"Y\r9d8rYsԉ,=6ª?-9%3|fL8u-˗gd1sG5\'Ysԉ,;p>|3z#k_oղcugycְrLشm}=@/ZŊ1cp>KDV.^ΒcV%,;,?he\nM<{V5x?TKY| pQs vo{gf=ZObɲ,:\0:ūO?\'㣏gQ\'2|V=-gxf<ic{Y{{\"GfXtIl\r8?!{%W	GˡϧT]1GPuw<sY~!4rt>f5ҧna9((Wkłoۏ:UPx9y^?\Z/`{{s%ܰe|E]\rQz+9/n=կS\"-\\[ߧ뒥MěK`ӓOde/i9?zxͅg}#\'~+s%cq,%l:u%o)KNi|f	`R^9wouvV\'\'s/|;79/Ofÿ\\T1~<YA^MPO%7m^L^E>gΫ@,3w^ě{@S|_m-^,9!nW0	q˹u?Z̳᦯\rNaK`[(N9sx-ɜYR^sS笞	>-\\xŬKO9a._N;G9ʢqI[n47?|9[]\\Σp~N#\" \rCNM>cZ^&f=%O}=&(=mϵz bY#[Ke\0fR\"o=\"Af\rQ 었eyyXA^meY˲   ǈey˲ KKV0sd~&Ĳ,,3%gޢ,by,\ZV]Ȼ?K_	wϜ?}\'3O[˺/i/c/tSD_wq_sw2;TtfY]x9}2W;?ˇޕ?QwOɟ8<ToKeE bY^]Ciw/{M%f\n8ϦW,(G[G=s^XgfcG!e1q颳Y5vk|NŲT6~Ɔ]93tܴ }\"AxNyޢ6)bTX^\"Uc;gTs\']7b=s9΍AG4va?#nYG,=sޱ`S<e?)RҚh#9\\w0/8w}*!3y=+f}Yr3ܴr	n<}u;9}sZ1ԟkc{zx>,6,A^*{;k6]_:\n}}kAj9p9t9W^v;9g+p`6sϞ5lr;f!9e!PR7}1g:WHry}>o?`|]AqVKÅ_p	zg߸ oeA3BZc/.OP\Zb\r3Z}4nɓyI\'ga6#sֲxxx09gQ` A}ϯQoI>\n ƴ#n?O񦝟??&eCMXh>ly\r#3:`63w|>w1l+<uO@oKg/br$d\"D-3w\Z	&\'\06fh,}a<Ed٢A[f@=iyCwO>|.o?i1\03͇-O,_[E\\]a3	։AE.bǵ\rc（͘տh===/6\r[ǘ9g9M-n!by,/!Ǟv맲?%[w{_Yo)K6go~׷:O#\"A, KF}C(kXxkYkzGG>(nybV:%}A^^Ĳ<eYaE,˂ЍXAAa?FĲ   ˂  D,  >,  @Ĳ  ~HQK|P^vԒd{eAAu*8e<o6\0W<(]ڛ^\n˂  fw?}Oo7pxkإeXIJ2HRAIJD>v9^Tl.}*=~	x9<6d^bV|/Mw/^/QzZ>\ZsX\Z!??4Or`:w>\\?+?ǽo8ӴUK.Ә?[rED)wy^׬s%[zoEgr\\~Ixj0jU]]#l`ݖdHRAAI.ᢿ0,?QϷƋE{⢿/~x\'ra3q__}	V1q#_\\a.fp;8v_|8H0}\"n⤓.b7.⋯b㼓8mu|>vrILy^sy5B?37`d4M{z+#&w\rW\n{z, <ɑC%Jyԑ,*-⸓dDe>q^/em~uCqޟOu6t4lZ7KO_pԥgԩMۧ#O1y+1˹Ovp%UqϝO͞\0ϛ}O?^sx~lw?S;-, <?Emp9\'=Æk[劷-V0$~\rg\\\06>|<hޑx\\{X|s;X$GyG<C3(w<刃`a=d8\Z\'~i[>\\EԺ/B/S;yj})̪UyCx3V=E˂  s{v0v5L;1/`ۣ<4Z\'ns`dC/-YZu_)y;xA?#!\\L\rM	l7-cwq	{,Nz*x-s5||^`yKoSg,u=7eƬC0Rou[Oᾧo75̬Urk_eiG6	 .9mQȬcz>v)o_WB6clx#D\Z¿r>eo\\Lif0\0W{Q=40r\\Osbe\\a]I.;c>	\rpgg\\W[!Fy>||l1r#q{{7ΨUf1k:e]|?y\r~E޼]z qpt!^VWaiGĲ eᷕY*o{4<sF8ގzdX^\"AWD,B7XeAAA\"AAaXAA} bYAAeAAA\"AAaHiGB	 H8᷑ׯ\\AC3Wa={,H8AAŜ9w\Z\ZZ~i,=27rW\nͬY4rѷ¬Z0bYvĲ,\"߄7ɫaC>\\FSr\r_z#wHL\\)/䲿\\Ki$Pa~Xq61?5qͥWqG\"/?4-XeW/;\\­u^&WeVO=ɱK2Veإo7\rBˍDAa\ZPJQz7w*ΘkY<\'*񆳏ďsƻ̜\Z3~oY]e\'8p祬[?T>q,oʊ[9UW_\\ʻ[-_~z-я<~=?j}x9R~~:o.zoYV>7W.즵՟C<Lk;Z[¦o<̽lw4ulj.?:UkCuOCA{KMa.R-\0͝I+\0p҅^83Urjv\ZwbݿAA~Es5g_O</WqA34\Zq\0j~s|7<#:fs<zԅϷ/f`ͷ\0lfHſ?Y-Ƃf8:Inɣ޾n/傡y_!-gJ?_}\Zxω,;	>\\p\\/[8䔩{9˺ͧcCg7~9g9>q,ĳD᪛fq^Ȳ;ێ伿xCo]q_>}Oon%v/n6_>̿K\r* bYAb;-j\\Yn[7sUvٲu3J?1{Zˏp\"2Emx_#k%J=zuP\'vEO=m`s<#NXqJxl-U6s7na439\n%9٣\\{fF+kٲ6cF-[70R)/dqHFwqQՉ_AXhtF?vẆw5$)V6\\\rv1m!ݕ딕^$kr5̟+?6VVJ3a)<|>s~)9y01TLŔKd5>{}n5EpG\'!eiE0/?9<	\"ny\'y*^H|>Jz7NŜ \0n~ST\\~``(ݿ+#/Nppbb3	`LB\"_/&,a7{ص	{cmmoc8Ύm|;;\0_}/_k#w1Cו\'>	eiE:^gHM]N;0/ Y;s8c,Icj=f[>AHM]-%[X\'zIKxRk_N@ܚ>M\rMKG%jmI}^B^moq91/>\r⁴夦.AIwb_N[}}^UN	WP7;0_L8nm/0DD~|gT/kڄWh^o?w[iٞ2w򢺺naݺH#tka~ď{5ptED+妲8|I[~pQDDjO_\")u\r\r_wOW&.b0{{}Ĺ5),PXiE\\9\"\"\"\"\"&EDDDDL(,PX1,\"\"\"\"bBaYDDDDĄ²Hh1XzY#3~ڟu\\QX+D}951y\"*\"LYNca	#zK.?R\"称,\"\"\"WQ{JAvCXx	\r{*Q`n&exb{\0SǎЛ7Tcg;H1sž\0弘g^L^0RG5=01϶Kx<t3Y&9w\0;\0ߠKuM\ZZ΁YOaYDDD(}.Nu#cCt\0E<k\">jbw4s璺d9wG:yХx=;O_ұst6^SgG]w6שܓ\reD33TUyug]u+pNX.1-ُb[ gq?Ʋ~<6f(#]oc>524{fe铢ꫯ:_?c\\\n-y0\r69/U_\rt¹t<nB?r$~Cs_Uˏ\')v9~Id\\ݔ_\\÷Wwƫ%Le/:O159K\nywǫs,oxjq[o\"*ᾟڧ[<R}h/^?\"?Ni⦣AA3F[^46,\"^),_nˋ+Kԍ)yyqۂB#K|U-+,)<~LEif%E/sXk{SQ\ra~58D!\"\"\"߁UXq;iy˯b}?\ZJkl*vB︅?C3γvM1<+_\n;xru6eJ#r֣]T}SÎ#Fۜ²H{,=eM1,\"\"\"\"bBaYDDDDĄ²	e\n\"\"\"\"\"&EDDDDL(,PX1,\"\"\"\"bBaYDDDDĄ²	e\n\"\"\"\"\"&EDDDDL(,PX1,\"\"\"r\Z9Gx$ce\'L1ָ1}G9q-msWu;WQPc\09QЬe<\Z%16XcX11~>yo16v2ކe,?bl -@aYDDD[^8cU|-!d>[l~c;7¸ْh=K;/L\'fP_n@Z²ѯ-XtXrC;}i9vڲNo~F?o[;	=o;sw\Zm7~P~15x\'6.cf\Z>,\"\"\"[8gW%kU͖<1Ux|3tE0uT,Z6oQOX]kcPw~i%),\0!=ea/{$fN3V;L\"/|Ln`=%\0~O6.\'mEaYDDD[rcU3dΑoa5VPo<۸y]?|eҢEDDD=lyfP\Zڟ0U,_h@֏\n ns&xKX>j*5^\0|ϗ7ԯw,Ysnv=k_ƺv	wtp^4²p[o[IZCg({@56ʹ݄6v{ƭ~Fd\0a\'Nz<n~`MĽɓs(9=qw;&󊥙\n		PZUn\ZW\ZսtU>3ֈH꫹η%6,7UሱJ.HO.n:\ZT\Z;slEȲ\0%@aYDDDDĄ²	e\n\"\"\"\"\"&EDDDDL(,PX1,\"\"\"\"bBaYD\rYR_es\0i-DDR,\"r	IYnh)d3:uJ/!в}kjyƊfEDڐm0Qy+	-=BS{=zҺǑ9SVi\Z!MaYDU`6<K\nݐG~a)YK5VN%(2j<EMl޴ExIN-/c?Lm4V-eV1\Z% K8il>\"h1䝥.x=Cُ!l6J\0SYث~EV;FN!mxo6GM];B޴iq2aX$}h _XJ=OtBDM),~l+G\Z)d̟@Pw+βt%s~)(	$>7ލ)1NW%Go];?NUU%oY{˨\n$bfZ+9BBBm,tۧFUFu/,|ό5\"C[C~tUEM\\E<->lAc&;K\nt(ݗ%SJ͕؞\rerV\Zٻ&ngm 	 JppiVr]s{ϺCIXc9D\0g.+zwUQd4xmgݷ\'}+ؒB֩}m]}\\g,s_7cHFk-櫯kscqԡɿMGY*{Abg.h\ZYT}Й]guOFMF7\\ooWSeju+)7Vd>\roCf=<:yЭ5ة4,9,\\&l\"ǲŐqg\ZٙwAD\'7N!|}89j(\';˻EȸPU2¯8Y1u}ھ^CAWcX菟\'PuOű\ZB&¯ɣI߷?tG*L_Fؿi7WEQ媏O<zyS sT6{FEkU鯍E-=,+,9e+C׳>F1uu}wp-:4uGY@ٌ?-̙#284),;^ٟo5f|mIaYĕ²\\\0e+Dz\'VdBA4mkPXqri!w49(\'n9I,s;rI[nI#:E~]LGK0eK²qmY]Dwv+=֦imN0DD+Mqi\"\"\"\"\"²	e\n\"\"\"\"\"&EDDDDL(,PX1,\"\"\".\\F(,ȥcf0\'u\Z.3`R{Y:i,[[69/8R{UsG%2g\0<<6\'fߋNQ1}qA\'ͧ_ks~?cWs>GkG6_rxtkJ 9K׾gԭ(ٹ7DsjG}\0/_~}7eR]&\0aPU&o쳿\r\ZW9n鼆aXV38꪿U-+^g qCQ,CӜЅs?$c)\ZC3xOyw绬{/~\r7ܸX(x顇z\\R=aݹꪫZg~Vjcꪫ\n\n``^)pYN_ۇ[z0d%S\\oԗB1wI<5\nOn6g\\se}ƼϽ,HJdQx]~/őa	Kz;bw;oqaPHB\rQ?Dӯ~?Gf\Z]w;-}bX0.s?cۇ%N^DDOA&w953Gqf.Ns~>D>gٙ2_\0_z]C١|~%{s1p_~<7Ν;c;_Ep?A#mekDD\r\\#ˁ՛{>P8)ԁN^?.`\ZWUYf<SF>C-[IXbx\Z?I`{}-1#۔:w14q9]YFڣa\nKH}\'3aT,{1*a	QP+kQ\"߰|3@=Kxw&S{ZBjVLUϰvL52O	[yN7`Uj\0**k{cF//\"\"\"dfDU\'2V}du	*N:c}tqaރ_n9oq3P\rgÿ++pYcQ&۪̃1,ʾ\r[k0QD&c0gENgİX-PQL	Pvn(wh&k^	ݹlz>,/2-h^hdidYDGkx\"i⋳=7aw`ʖP~(|u\Z=T).tq,{SwPrCLNMk`rwvp?«=&#˄L\"#+A\nٕ.{~_MuuG<ķ$H}ދdX\"kcC85YD=4ttWK<hX%sD5E˳X9Ԉ\0\0no7Ͻ/8\r](PzTQ^		N}Rtde6,\"^),_ //ϨLY΋SxpU1ݿY-\"߿և\"\0_F%.g?~ֹV²at@z0N3γv\'T?S!ZV=֝*֗_ ^3˝FۜFED+,_yG3sXtwNhdYDDDJvCwwNk^hdidYDȲ+,c\n\"\"\"\"\"&EDDDDL(,\\na3:u1kl;-/JnaY;KߙbuH!\r@<>w#Jna)YK9o\ry!}KYJ!+MqVrXW_d\\=vC9$~Y׮7@cHRX!\n\'rdcC\"ƄJa-Xw*fdzkc?X~:nci7\\\Zl9+Wd]]I\"&˥{G0ΰZң9=>׵agY2&<|(={bߗ9u|\Z1?:oeKi=\n\"?@b3JZvwpSmn\'}l+^ݝZ!94gJ&Gs&$aC{HRL2}lN:ID=@~vL###K&[>CH\rb%s.:ʚ8#29XQ\ZYn?$,%6z6q^9|(0V:_g4W_m6|(0HQX!Lx;Q5aQ\nU&1gB_ADQ^D39r$s=	Cd=ɑ{B}9z8M?٫H^drݤ=l圤/\"aMKV\'Aƚ	\Z%jǶdK<l	On3HC_kWzYՍ\"ܨ9i1]#p.vP}a>Q<rj4~C3Տ|2f~Dڳ=a3|C:0jw>vaӇ顿\'|ԋeBWO<8wMȩώPr|1%&ðq1O&P%U֐\"22Wl-$>9eqO=>?DjI;Ջ]AzKg(|o\r\'OK̭pt7i\'I{!u;bÃp|b.+߅\r=۵x\"{|Q=xԅ~>la_;5\'`HUa$,m)%9\'DPn	m\r,30#=m-οLjҞO-o򛩓/MDDZ²[\0ǿW8S&[D_5m*;ؼu\0gNy6l&klb>hŵEdj*J<{Ϯ$,Y[v,0ҫGɯ	dP>G`g\\[ʇ~#\r8.?iZ*&\r$a{zh]ϺCI;b@QnIeݝ`cY#?:hdIԔ%z8];U\"\"-F~Nc\Z\" {\\A([9w	Pb4`&vC3(?7{([X@4wM*o#RP ݀JJJfb^ϲyTcY߱$}IDUEHۆ&dbKobȺCIX}\ru*s\\K\'ʶ/*y᳀\0{X}k06Jp\\V\rtr}-tTP:~6:Ctv< DlC\08P9ٙJtss@\'y%tL)XOp*Dս/ܦ_{}/.///R\'ǣ^6c=rSXqoS+UNV}EČJssp$fC}Xnz}-TvSbhLeaٮ(CBܚsќzIƪr/R8Qԛ	<`s^YRُd\\><˶4QsL1]7h>ݎG%%ާH1ӓ\ZcqiaY0D.oq6	O]LP(\"X5#(l_N⌏+%Cͧ{ll\'(_.b3Κt9]>(/m~@Qd@P5x\'뢃Ŝ}[	7<acG0@%fx@60)ON!eXK全(:HާckEQ\'^y@\Z2-Ϭ}!_3i6ؗs}5b,`z+3n6eTbs;~UoQcF[0OYl2}T߻=RSq?qaWmLI^]^Xb;|Kq>\0j}z;Sra#}bxz0:uIH9Uz1j=/?j\Z>>۫]G}ã>yc+bso,~\Zw(77 t,{gNt2p@^X<GYYKeiGm}\nW&͋?\Zr?ٗ\r=۽bx7\Z]%(1Z_aXlY\'<vdr2Om-Ic^JH5&uJxoaT\rS^U	ToHxǗ^3]1̵}3Fq H/)ǃy!V:u\'EE|\0Ur{,\"\"v\"mxq|r+uʟ1钿ܶqÿ++(v.+d[0y0]ٷas\0F3Do&s#qd.RaZ]_V[)1\npޅ꣙yq+\'v:^x8r端bcXbOoD0ڜaWњ0\ne/-ŇXE4o&ԍ(z݅By&T{{ Jg#x[cc4H}ދdX\"kcC85YD=4ttWK<iP. /_F\0u{<\n\'7tKnBWuSETxu\'&8v8Kur^=LPXns\n\"\"rkܔ;CӲ/Q_3/ƶW5\rCDDD.q<\Z?X-<W*ֿ\\44,\"^id?<ex>cO#\"\"\"\"Wӽ[w\Z~R,9,W\ZYqevLaYDDDDĄ²	eVHXN\"vC9$4Xgh	)d!Xdi_XJ!+Ӎ+ȑE-_׺qVr/\'Xj\"ie,i1\n\")YxSySa\"\ZDLe 1#k,-ZwREͷ\rN?l\ZBع-8HK`]#\rY椐6oKnǴĺȇX<R*#kg;S䝥!{<5^3CB_W:um`ݴ]%wg0ڜq%ݐGbDK<ByG<$r.qVr]xP1ǎ;;*XOGFw/ɎBl+gW82<ptmFU8	Jz\05C$A͞PSIշ>ppaWWg*%q%%ޛGu{b_X\"aݡ$U٣@-rlG\rJlO29~mKsH\Z9LQ,!U\n\Z;DO>{B͗rerz8i[٧9GԽiS+J1lcS%,%o7XC~4X{%Pex>muҞ\'eɅh)+\rCD\ZNXUe)-!wz6yb\0H8qUIa³ٍ1\"V\Zd2NOlKƺe q$F\\^$۠xbu~U3RO~:y}wPeO&7h=@Mmt,Yc_wn\ra{E\'axaC8X#}v,{\ZChs&Pv,FMq@wFQn3q3eAEd !v[\\wPlBVt{ܳا8YɭkS?=efֲO#ki}MRnlmXYK856v^pcڴ+.*ty]i)\n\"?P^<bYIջ}*|3H܃uL|ͺzI%Ź;nmEnXFYuڲzޞҎd|]?-\"u{(MBdtEdVhWUD\"ʪ:pώ}5N+*);y*GgG{u3eS*qV,>RȚE?i]Ds,s=$\rb7!j7={l$.7~ǱoeK \r+܇F^@scakpb7B~e~8K\"g}wrf?om~=ī\r&\"\"-BaYlKpM>O$\",o*)˟@<K6y<rkȷ+)5M_Qp漐⵪\Z,݋~}f5d\Zԩ]G0r0SUԇ9\rQri^Oqϟ]Ld^8W87pQ-pm F8g2&.7IٖGӋ(7/yp7ƹ炍Ƒ抷O9)$JcND4-`#&EcHQXi5E);`0ڢ*1|.^.Lw0vߵ]V\'^vyL_N%cڞHNYQIUJ~vֻXOkIx)Fva)+\ZJNY1}w`Fnqjz&kGXĲ08R09¹Uڭ|ȸRn4kS.X:	#U{[/,&pA@Pt|fWQioKR\'av,[8JK9_JT7Fw8DURE8qG$vǛ\nYUՍ>q)\r!h{رmuaz*Je\'D:\'y$Z|h_w2&nl]σImKPt)ه~#72/\"Zt_~WLl8x+q[8i}rmiCHx׹\"I97E^,vC?E.Ǥ~fJYJ	>Xn?WOD\Z1R0Xsyؾ_P\";e!(_,CV!C9djڅo$=ètad]tPU;?nwi+\ZYns\ZYGr~|dYZLc#ˡ\\ESRmȲrSXKT)/!Oh-_ݸ;qU?W9;_7eGm?5zчsK]3p+kkc39_@Ѭi\ZqԽXei+NtR_ehTED~˾_b)rSX6,\"^5\'޸|̻MD.)?ׁ²rRXi\Z/4xԹg{,6.1V8gCX0DDDڀ!&xwľ541S񱣜x麢ı=dNu$ŉcG/SڸsNaYDDDk|r,8ě3ҧF²Hh/R-oqƪKY;eVѯ-XtXrC;}<.za^[||(\'U3JPXiye[pϮ^ͳK\Ze\rg	>[lko$ƦM笝²Hk+Cz\n6G9q-۝ǺST}3tl\"y_:7\r9\ZK/ci#\Z<C~&+~1kl{?c+ȑZص\nKopg%0L1:8ϺCg%m<wU׾%,%܈8+ݾ/}{<sHv4SUgx\Z>ΫKVNP*_3h:gb3ugeL7Lł@,#éHe\Zӟ1.TV-\'mSmA\"&418z\ZloM@ײ}^WX9)ͫ;ѥ}p*w+Knyi,fGs({\\*gY2&<|(={bߗAm:On,]<cU\"=lyfP\Zڟ0U,_qa~ܱUt+8Av(k_NX%,\0|X.nޤaL6!y`1[C~l.J=d+esc^n\'}CVbL!X)WgnW)YK\0^7ZW\'a6~Kb\\/`ݮd-Alga/4K^9<dlwf;Ϻ}do }c6v6N337L1QNzvBļ-A\Z;FmqX>}] \0Gd{8J=ngN֣y	68#H~==hà*6l!-ҥŅ&LN76}ԺF~;K/;bM\\esdƭk_>>>/Dr[o[IZCg(͵/nqw߂wc x݌g~7e0zD4&͠,GrƽNTQiQ(<Շa_4<%1gB_ADQ^D́yBɻ76iUɘ3.\"ME$L¸s*$X3Qұ?aSD\rؖ cI\"mF71nCXȊA\">2tNuyesP`3囆nˣ|yw<1doÆy``[!쮙0$h<S≼ٓM1OMg}+/a2C{~a)Qr)7n։cF~$\\V2E~]ü}ZqҜT?Mtk\\ؠ5?`c_w|\rǧ#+41_R\"	f<O]@qz<~җ}Lbs0_:eObؠ33>uχƱ1wӻO_~wBaY.@%e\'û_J*()\Z*Ogo<;BŔpwC*6-gj\n6\nOI7c73H܃uL|!$o5&d<i/dn[,{xOn}Jl;m\\m\n6{ص\0*z<E>t6uET7MrfTʏdŕl[}G~\0<9Ǽ#@%Gv(u\0\'Vm(0Ik=\"ĳnf8s=櫶rA4.DG`c$9;}GBK\'a>NnM)wN\"j7ɦ.FOza=Z\0Aw-rMTWfxucK_s8b,霵SXn2h}OԴX&[7vG\r$	[qn,Dmȭ㾛eه^5<J~N\'%}w5ށ%hB?9@,Q|D>t}i0ߝPd|rADkX1~#`\05t0r&ɋg~,<[F\ZB_\\ ~@yqӦ\rUL^,IGw/\"mxJrKR]`/@tBEJ8x \'L־!̙`i1\n2wpKONCK3!}c..l.NoF4[JO_26\"V]ewuӽd=<߹A	d?%krZH9OC~jjܥe7ۑW7$1E~nT{<ct+kaߎSc4<>gXﻶ=cxlְ}mM}1_OkIpk_=@ԯ i&crlX;\r#h&aoK|b*𧆶ж!;(OJ;i.pz\nσ./{ ¿ѧ&&K!D9MI̾C\\_iK~)\n8^EIc̟9\'ѱV1$	w%kw_7NY@.7:g\n		ձhSN_j4F}QK7;}^NV}EČʦ#w,S=[R(/XHa(dg\'7fs8F\revcr|G~&5>sC)dN϶pV,*l\"v*Ji{u);?wanEw瓼(ַ;W_un\'r1-thc|\"ȥ%N:؟]t54(vRhˋel,˚\ZؾSJ@ٗXPn5$O˲7Ί ț^ߔܘ\ns;YݙrQZԱ4>\":?Ayk_(\n#.#ɺ|1Hs>q\\tidid59`\Zs9]lw&G\rvpXl4;Y}\'bBՌp,hdYړ8gȲrSXKT)/!Oh-\nҞ9²aE4%M笝²	e6к_<v\n\"\"\"\"\"&EDDڀF笝²	e6r9k,\"\"F>rsVaY&i3_8+;C24\rW\'9v#24VOKowcw&ygO+;?o JnO\\eqB9MEl\n\ZxS?\ZsV~T\'gPbqVrgBڀ(2un[qKZcMcYwh%>Ks\rXOUƚW\'crO^ʝyer\nPrg%wRa:f /d.`p0!S$7OsX吼Ȳ7V29y~z(\0mmƏ8KO}tF??*5V~c3_-Wݼi,n1\'?~u\'	?,NS\\6IZ$,7w1ӣHAVDN[[l,	σgI\'+T)6\r5<ֳ0x|/ia$Ƕ\0ok*˞\'\"\nwJu2n5ݺgwl\0Ɠp:@>~CrSY>VĐyļL\r»jB\ZG`A$CUn=@Ǐ\'ջRw&ĶWQbenC釰^roDԭH-)i,pٳ5bF	s:QElv>u=f5؇2J+1}}ΫVl<<~;\ryDSar6?n\ZqPKI?ro?q~5N40E-np^aY0{wPuwp;HJ\n$@Ĺb\r䷷&BPH`]7~B}UuӉxh!S3YC%d=ʸGW9R^IAV*ik^\'kcݽ$D0>23H!_b/~vL.Xa(벃IZnwtLpdt??_M#6挿7AI;Qy4pjf}.1_Y$Oqcs]CA@MED\Z>wr Wϸ)iχỈO_\"~8kE>HÔ}U>9p^TQYhqi.E&R*lTC\'>6g%о3N11#yg\r4}_/ҜuNH!u!	\Zg}\0\\s5<x?F\\J}{syv8+n2?:EO\08r\0^\"_&񁔥TNɺȽn\Z\r\0-H!dMmUټuw#_׏%c;ym6;BK,qt<;EJr֮\'E*BLW9Sb[J[S?P^@̇>S9#\\!ջ9j[L~Jk:F)؏m*6_qĜS\\X4do\ZPu^l}jdu,baw&\"{ Vڰ5:﹁x|c{.Veo\\R>Ap\\Oe҅F5n؞}4mL. л11ԱO=݄u5^Rֺc_\"-O笝Ķl}FpXz\'{nz[Jً]!yK^*P3N.blb q921\n{=;TRWεOT}TV]Ow6P2<j,MU>IU婺\ZejYoh]&rޏ\\Bq8-g^*PCI,&2-BD#?yqжx(q7í&SD\Z_\"%s-z,!!{ \0n\\ ~[OYn!FJ8~om~{>{i.\"\"-MaJrr!=5,t3ڹLJ@\"aCgGAX#ySH\\RWn|eFa[G8Fa;ӹvQtS5T~Hy#fVt\n7YMqywOhPY\r*{\r&ABkMq/0gv䪆aW8cg+38(>x{\'-ldrzN*JCkhdhN`=N	67I| p\rFՑd\0s߬Q\"3E8e phKyYݯ3)z<whdD䒦sNaR¿\"u=I9d<@Ef>!{2q|&=K2cwdb;G;9dyviz#`Cև[[}ui/~Sr܃mqp3\r6c;L`u\rewC{=fӯ9l;smXbU#HslSdڑI\nE{:ɑ-\Z$<Kb[$!{I6?cl<,ܿXؿU+g|,=DP^\ZoXmsRHKM\"H,ESK\n<;^2R\'DQ|WJ&UL^q~mM\rD~a1yIXȯ{w>Ա>pK9oےnQA{u_nFC#CIccqcXf8~YǴDKVC*ハ4>qٯIy۞?~X|IWr9kanM+Ed͵m`A_K8U6<Vs}Gw\rcڍvDN 76ac+]iOJwF~ɸ$yQ d4V8{76Cm5ogj?K6C_;D{=Ea>aamDRKn\nmҢ,>EmҲb7V0^R\Z{\ry$6>(JnQJlOR\rU63/!4[6\\\"m%Ye\0\n\"\"²\'-qζ9\"\"W,=渹es.t),\\Y*tZRXin&ω\\t),PXv*,<n\"LHc_g,TYKF笝²\\ƓFCif݇}jl~$o \nr9,\"^SY!ۡ<²NaFYg-2njGG&r?!}x:__ǋSYjz5^Fu_kTOXX\0F$=:@+\02n~&#\r2m\'}jfd`]ĲWԩ7=gl޹읮7>gI{1\0#H\\k6G\r`H미!mL_iI#wF1yd}mMvI\\C~a|Ƨc}#\Z+3rΦ>n}\'K뗙)Z`f0\'u֖\rˋKpj\09^[@j}=nOUXKȸy~I⚭~.M)8YRI#!(/_\0&x*y\'f<96!mY$>[E6~1?a͍;X9oeaΓkؘts ~@l1OFrtwrgא}2%1+WXM\r		xo˸_,+U|ĺYC)OϺWg||Wӈ꼍9oGBy۰VRJڪd/\r$T#mU*lĸGPDWnon-,$k/}3H	X\'We]>V%ۗ㴱8AJ0G\')\0ml`bS$оז{/gLx?,cYe,óx-\rUdWmWpMO\\Nqf,K{e}isoQ.6v\ZonC~Q%~M)K[#d+;޺뻵e/VэH~AwĻUnM5Ľw@yW\nqOj]OKx/v\0Xn\0f>D2OټS&|7^cvʫ-q?\0t}^f?s~Jt>?Ź?BoGq3KS,7jcy6-33;o(+n؜iK{\">e	/%32/\'j+\03INt),%QD&NYH\0릹̝Wվ~+j\\[4lW3a.\\X<cv+Q){k֣9$ΝȥV]Ow6u;\Z;4+%St\0~F;Fίs\ZvW\"Mc8nuͶ˸ue_qH&?u\nS[c}:Sbأ]}\\^/YLIH7N3^Wa3\n ,Ր1<_#ᩔx48/Ĺsꞟ9so}R/\n\"r)ys1	co%jbCg|j|gmb1\0G{ET]ۇ0Hu0w}D;^GܡMv@ߑ2<É26prt\\&%h a`+:_h]Y?NS&1o79!T\'<sYVUbݰ<ǰp`7>xW	Ǔc;כNU1.c}m%=\Zs:ѽT^Dugo/c96;兇	ރ_M\0T;M\\@GR,GaVҔ%L9kwUHHErB6^Y*{ekD.1kxJWgep>L!qݱnou}B|\"vO7KjpO\"n\"xg)a 1Hu\0jNVݫ3k1Ƴ,X,ܒFTP\rUpDF;Dד-k*ɚ=x_~˵(;U[{1$Fd2	Ŀzɿ%aKsȿˇrbGTݞ^e{pdPi|2Fre)droɚ?SxuzdM	pYcHvޞ^Il~\'nJccdvrw&l\"j(ϻkQ,\\C{	>y͗|\0Lq];cD.^db(|T|R).\Z`M</:pM៟p+݃?5r{7ulA%7_DjD\07tițTf1{W\nCB|Y4}t*^s>/`.>\Z.%N.n:\ZT\Z;slESXns\n\"OH~Ki_K8UpmL#ŔX,lsg٩\rZ[+Ed׬n\"Q7^j76cHUWFl t6\n9jlfl妱{C~ ^FWp |woV=i8$ۇaXu1?y\rðl;R|hsVaY.²%x=̲ssL;\Ze),S<qY򾻅N%g5v|l7*h\n1d.2y\'20?r*9,@aYD\Z1#~X#eiOZmaY\\JUP(,PXiEH9k,\"\"\"\"bBaYDD\r,[䒦sNaYDDDDĄ²HO蜵SXi#\nr9,\"\"f4T.7:gEDDڌFrsVaYDDM\\Q:蜵SX1,\"\"uv{éK	ifrLYNc-0vic{k%85z- 5q8}t),4[8~XQA}[\"!ulK,~9_ז3x?1U,\"\"64}	gi/	1^x\\~?e}ڟX=z4eaڒ?gxOYiIČa	ƅn9b$ݻuד5\\SWsNaYDDDYp]lk*/Gg;uG\'Ux29SGa<OyxPTS^t&tc⫊埗7߸ԋ²H;]!(mUxDwe߆\r\\&_\0PV&. #^rn|~6}ڥNU!!:mKFߨ24{fe}f6pWs7nk \0^|,eËQp0T\\/u\riNUPqC\0/`.&B|)>^vWS]%=l=5S,fuZU~(|u\Z=T).tΗNj+Nsڧ;A757XãXeS9۩CU\\*myۜ²H{XXՍ[u=WP]\\z0pәEG( >?*؉\Zn3X\r2@aYam),Ww⪫گrwm_yݿn.~0kjN5rf\\_WHQPgls>ji>Yz7}9+9,kβH\rJPig,>j_5zӺfat}8ו5҆&;u>jiB㦍ij9oN#m)nW\ZսtȲ>3\\6WtŎ,+,9e,r%jaY0DDDDDL(,PX1,\"\"\"\"bBaYDDDDĄ²	e\n\"\"\"\"\"&EDDDDL(,PX1,\"\"\"\"bBaYDDDDĄ²	e\n\"\"\"\"\"&EDDDDL(,PX1,\"\"\"\"bBaYDDDDĄ²	e\n\"\"\"\"\"&EDDDDL(,PX1,\"\"\"\"bBaYDDDDĄ²	e\n\"\"\"\"\"&EDDDDL(,PX1,\"\"\"\"bBaYDDDDĄ²	e\n\"\"\"\"\"&EDDDDL(,PX1,\"\"\"\"bBaYDDDDĄ²	e\n\"\"\"\"\"&EDDDDL(,PX1,\"\"\"\"bBaYDDDDĄ²	e\n\"\"\"\"\"&EDDDDL(,PX1,\"\"\"\"bBaYDDDDĄ²	e\n\"\"\"\"\"&EDDDDL(,PX1,\"\"\"\"bBaYDDDDĄ²	e\n\"\"\"\"\"&EDDDDL(,PX1,\"\"\"\"bBaYDDDDĄ²	e\n\"\"\"\"\"&EDDDDL(,PX1,\"\"\"\"bBaYDDDDĄ²	e\n\"\"\"\"\"&EDDDDL(,PX1,\"\"\"\"bBaYDDDDĄ²	e\n\"\"\"\"\"&EDDDDL(,PX1,\"\"\"\"bBaYDDDDĄ²	e\n\"\"\"\"\"&EDDDDL(,PX1,\"\"\"\"bBaYDDDDĄ²	e\n\"\"\"\"\"&EDDDDL(,PX1,\"\"\"\"bBaYDDDDĄ²	e\n\"\"\"\"\"&EDDDDL(,PX1,\"\"\"\"bBaYDDDDĄ²	e\n\"\"\"\"\"&EDDDDL(,PX1,\"\"\"\"bBaYDDDDĄ²	e\n\"\"\"\"\"&EDDDDL(,PX1,\"\"\"\"bBaYDDDDĄ²	e\n\"\"\"\"\"&EDDDDL(,PX1,\"\"\"\"bBaYDDDDĄ²	e\n\"\"\"\"\"&EDDDDL(,PX1,\"\"\"\"bBaYDDDDĄ²ŢIRB2\0\0\0\0IENDB`','image/png',1),(7,'test','test','test@gmail.com','ar','','test','$2y$10$8VyqNXr7NQh2Qzaq0HwI6.IbJTY.S9GU0qBzISrYXbWpFbl5uoi.m','SA','intermediate','job','mobile','2025-10-05 10:56:38','PNG\r\n\Z\n\0\0\0\rIHDR\0\0\0\0\0\0\0SXk\0\0\0sRGB\0\0\0\0gAMA\0\0a\0\0\0	pHYs\0\0\0\0od\0\0.IDATx^w$y}SU=ysEX`3@H$,\n%˶HKH2%z,K8dA%Yb	Q AD΋arwWչ?zfvvX,v\Zw?[WscvE\00W?s̞9⫗Զ߻{}*<RcÀCUq<O>\rp?ߨw߱s̛jߟ?<c3nc.رf쉞c~/<t|TXkj㶅(o\'2{,|k9<7\"\"\"\"Og`sJVj\'n~X6w驼OՉ^8Ѳ{=2/>\'yn[DDDDDL.Hc8SSx&l`}͍8\\{5jxOԎm<Q[?\'kOlX|OԞſdA\"\"\"\"\"\"\"}HWDDDDDDB-^[\n\"\"\"\"\"\"ҷzEDDDDDo)􊈈HR+\"\"\"\"\"\"}KWDDDDDDB-^[\n\"\"\"\"\"\"ҷzEDDDDDo)􊈈HR+\"\"\"\"\"\"}KWDDDDDDB-^[\n\"\"\"\"\"\"ҷzEDDDDDo)􊈈HR+\"\"\"\"\"\"}KWDDDDDDB-^[\n\"\"\"\"\"\"ҷzEDDDDDo)􊈈HR+\"\"\"\"\"\"}KWDDDDDDB-^[\n\"\"\"\"\"\"ҷzEDDDDDo)􊈈HR+\"\"\"\"\"\"}KWDDDDDDB-^[\n\"\"\"\"\"\"ҷzEDDDDDo)􊈈HR+\"\"\"\"\"\"}KWDDDDDDB-^[\n\"\"\"\"\"\"ҷzEDDDDDo)􊈈HR+\"\"\"\"\"\"}KWDDDDDDB-^[\n\"\"\"\"\"\"ҷzEDDDDDo)􊈈HR+\"\"\"\"\"\"}KWDDDDDDB-^[\n\"\"\"\"\"\"ҷzEDDDDDo)􊈈HR+\"\"\"\"\"\"}KWDDDDDDB-^[\n\"\"\"\"\"\"ҷzEDDDDDo)􊈈HR+\"\"\"\"\"\"}KWDDDDDDB-^[\n\"\"\"\"\"\"ҷzEDDDDDo)􊈈HR+\"\"\"\"\"\"}KWDDDDDDB-^[\n\"\"\"\"\"\"ҷzEDDDDDo)􊈈HR+\"\"\"\"\"\"}KWDDDDDDB-^[\n\"\"\"\"\"\"ҷzEDDDDDo)􊈈HR+\"\"\"\"\"\"}KWDDDDDDB-^[\n\"\"\"\"\"\"ҷzEDDDDDo)􊈈HR+\"\"\"\"\"\"}KWDDDDDDB-^[\n\"\"\"\"\"\"ҷzEDDDDDo)􊈈HR+\"\"\"\"\"\"}KWDDDDDDB	|&\"\"\"\"_vD8/,(\",w30-ZDy˟+ю*}9QMZHpH8)]\\-,+`x+\"r,z~{o[r<}ˊ3kzE?Or&\"\"=K}[U: Ԣ,G\n\"U+mךԖ:yY8gk}]}ZFd\rED^Yv~aN0dt	^TҼ$z=-*,tdНg==DkR&\rJkꉶ(\"ReHGKq+D/V-ވRߙet\" #b$]7DDN\n\"E\"NiFIY<=աwQ,͏\\<!Bo2LYB\"\"\'&^Yv4ҝwh63!X/պlG\"j<5ЛI9)ȲS9Zq;M;x=y.={?y\'\"\"^us\\\\u$a!\nKB,CCVYR+믲֪7TYoW#qQq3F$dtC_9LLDd1;$z8H_z?ݽfO=Szg{gfϽu(ޅ%<M)\"LRe9F\\N҇\"ߞص8X>Q{-{z.p}XY.UJD䄣+\"ˌ)w*.3jHn7ǉz(+k{2s \"\\Se\' KKW[(Gg;QQWD^Yv^gND@$P̵y䅗,\"+\"ːWD\n{?-~⪖AUH!\'w#@@0$Q<(􊈈2W%.W?#F+/Y#)MҦX2Ң[{ZIF4#fa$begXTn4J;Z	\Z6,f]Do>+\"\'e	|K\ryދTq4-`8ita\\Xn;`@]UC%]7|^dg3rYq$u8ʽt+CI;-W`\n]7>xp]7ߣ:U$88F)BsEDNZWDDDD\"WUe$ۃ\Z)KV_[oyE\\rzZ^<%x.:nd3y.m]g5_[^{\'kNRoiq_\n\"\"\"҇2\',ib!QC^R䳘48zIA$))qԠB9t(Ch02KBAIĔf:{wwB,[HI\\u75Iʣw{fD,#R{xccoFH*-)x	FF 󅭪Ǚ,x\"\"OWDDDHx\r8i yכﺕ/ˮ<b/q\"nUpm$D#yf\'UNoA2Wa:kӘv7\'F(¯Ddyn5EUR-Ѓy|4^}瞱\r+Y3:՗]`kǋ-;nN4	X	~~2?-tض{gnR^/{A=T˛וJ/oA=9q(2c$.s^s#`!M\0$D\Z\r\nƽ Uq\rxDoXmݩz$l:.U֋?w-.\"ˊBhdoƝO~/0_j亅Qw){#^/F ƔwNG̯!ҝe}fݧDWDzEDDO&lƷcti\';\'[wn8O綞3\"\"\'^g\ZF	NJB =\\j)j9<.:yC{/\"\"\'6^Yf8&E_U8NaҺDM㴡]j/;66qZ\0qy}@txh~JKxBsBtRw̍`vܪU\\ߧn逅|/\"r[XDt\nH_\02E\roteUt>/7:~~?ȿ}?\Z~on:WvI4\\P+d7m\"x+1iS$GU(_w!8C]mQ^Y~t&\"s	d$DF?p_!÷pgs{ֶ8c+Ou!.=uVwP5J\0G`bDF,˹Mԫ/_xed!E۩j`H~J\"\"˙B,[68Gr/̛8cJB)I\r:P0D([47l_r5!3\')$+Yݪ{^,R^+=s7#:8JeyŤP]VCؖ;^y[0O.<b!ٷWx)FtҌ+\ZSaZ؂n)k[KY9zM[7#A$9,VΝS!uؼaG^x*YB`!R!\rKO^SZDD+\"\"\"Oތ\'J%LO(Y9\\~=/4\Z)}_/O{>[~KӼkxPrۘ;Oqz{+~	eb\ZXfM5c7TCbIx{-JVDBٮ/4ED	(ȲT{;<-Ɗ\',lups^!^R홳T`߉@	łVvHC=:x`\0+.YƂ0vyW71wx]GzïOۿ0w?Nsq>}?xHΌ+93^UC=֡g(DwvCPΊYx9xrO|݋ǼWƒiսy}8Vڿj#\"|+\"\"V-VT-lGuvǍpc߿]PG]atᖖABD)\Zq]R}P/XBnd3_;r#/\ZM36^A{)ArFH10@֠l2׾r\"gl91-ח0-aRD\rFGE}HU+\Zu-ne\0w	TGEX}>qyRyJiE5x{UFܛDO1A^§:uk$}MR//Tp^y*%CxV[kfnc\nȃןO~tJ#	Fy f9Et,q<\\q{#@ CF$0>1EYVa3cll,Kυ@ٿt֭[Gi5׫[A\n$xZh{-EDd)\n\"\"\"KX<x׭t~N&l8ԻCÙ<VTyU{X,W\r#[^`+OTpdeA(\0ܽY(;p4,uYǌ>U\n\"z8eII7UK#E1`(,\"D	uc̼\Zlpg\r^$0jh4\ZI(\nصeBё!2ܫ[ŷz]UGn4l_DDzEDd;lD{taavoq./l?xamy}2{C/འZ/^%]\nRflM$QUzim8u:EhgHNn1\n};hܴn#w߷?OҞm`eFC6`ȼhV}FѩXU=D7f\n;YtR/(iлP̈́6{c 88C[18dժaf9FNC,\0^8łƽ\\u_bȺH?SeiaRu}p_~ؼ*xCD	7^犹Gd>&qwۓ7md(V$N](<r%pu4_zYZ2>GW=\nDVxK?lS֡\nKN5욘ax5{ve.޺W\\{1[Vӝq>0~iyJ+\ZM i͡&98ɅqÕh%{-@[P!$$ij<\'F,hƂH+vp6zeLVw~,ahr9%Yo&S\ZlZ?{O%s{kPŷO\n\"\"G4u֬|*lZ=H#\r\rA,#`%)VOZ@jC\\&fYU]ե%p6>W\\ŭK0Y3ƪFذAf$IՓcP@;4҈pɝ#Uڕl;E,#VHT	w<zy۹3nwL?Ug,3Kntm3g:/>yə+Ixۥ/_-lY\"\rd<F7Pz`t9S>K9W__xżan997%+.p?+ph\"C%Kr4y1TI&Mn&n<{Eg5a[mڕXҡ0BzR[N4z\Z~;ZD?ÇEDN(;@&Ç\Zټq~}`*o6?W۾̣;0J,B0g(\\+9M/tK\')H/%l\02(fy_wm{X:~tʺpn$gn]+oPe$u͢?ޒ5Gޭ\\_`9NQƒx-C殻ÒB\\~6|m[WseEfe깩GKUrk7~7_㔭4a!Ux6/:g_=x4˂.PPt1݁{Ø矑aPF#MY m\0I$X´7={)vOv)-%#0_ʫoZ\ZI	[).F,KIxѥW}FAƈ/XN?z^yfb\0:NFJ#Ip3:$+	u^֢OsYz+ZNwg*U3?*8hNA#tQ\\K\"\"\'^t\"\"\"\'q4kWY +sbX u+xǏ-\'a\"T$u*έWkUYEf4eOI7@#\'4X,ɋ6m2r,v$ya÷B]=joSN\"j\rhxQ^~Y1BaO%c/\"y/\0-ÞH`䥳k~XU{[]Zd\\shDUċ6Pj0n֎ºQcv4v,eXє)+al(\nHmwrp0Nt{?)=,8؀jX7aV%^*\nbZ88r\'98|_̫E	XJVl\r\r\r&|g07J|}>4^p/\nJI($\"gzED/T}G`1X kVyȪyqک^9TZ-Ҋfz8t,$CB3@#%gV}bA(gbdf:md\04HHb -1Pc%%Hb=D@@0cvv;8tY_7ԧ>Ν;\ZV$d>E3ts}&I(Uų z=OeIJIHa)0DV]ZtAcYo0\rfbtL3E;JLGKo+7[k8k|8a2d1	Itd6e:]L_]\rMf^sH=	D\"eG:!4\rMIit1fvݒܫ!͉(k2kdt܆SRj;r쀈H:DDDN@,Cw-oxdxY`>ޥLfʵl>y#F#@޲|,N`f0\"$-1=5\0x|+Ǳr$$!24Hl,qf:$iF\"zN\Z4(pVJ,˸9ܳ)6lcϒX,dIABysNfffq M[O=O%y\'>q;:hYv:W8jo-$$I=4<\ZY{jV5$	Ӗlll7SZ=EE]eƮ2cg}0wMzg|)jŹ~ܜ_?}|YJy{hqT7w\Zo~/Wb\Znx=4~cI)if)+V\0$iioq\rƄ]y`WDʧo?A|pʲ$8$^-{xӅ}tQro=H}ќ^9iNTAOK?zOc=N]͛2n|tsxbb\n|gLNOsi?8\\{iXnp}qvh5n~ر/_͐,|>\'?_,[y&nr>cT=K^ٱy>V\rʌ}{\\t+_5HcpM~).:O?44lLoy	\\\Zg/9?/sz{&[_y5M\0Az\nZ%a,>?A^rF7Q\r:Ry022!nN\'Oh6FH1:^f)0I1\Z$dՉ$M,Ei;g;4e&t`^ptv\'Hpj?[9{S~~AZĘR]t\ri5<W0#N`@h2[dJɣQ-+]|8l_JszEdyӜ^#<pSuo@r^Dλw)CB0\Zxwk8Z0۟q:]\'&a5,td}ogIeeI \"hLGo}_͏+>ol27BH(<a<O6eҜ<ڬY^P\Z|σ<i(o{ECz\\w&+GhB٠l\0MTFXо]{;PxIYƺg06[,тSoH(bIfbt.=T.8p OS^34p*:wZ.>{=-ww?z{+8εD1gLu<aIf\rѠVv\'V=#$Mʴ6쟘d]Lv(ic\relMx5|=s#<Kf[lǜ\"݇k|={ӑYf=biYU<Fn	РmMvζx䠳gKeU/-mA08\0\"\"^`a^Sc7Qw2,\Z[IaORJ!j<\08c+w}dv\'#<_DƧs};\'ع{vn6v\n$,!w7Cn݇ر ?l\Z!k6i]{\'2\'^-lE]Eݪ2M$ٳ-70r-vYbAeI,i8CH`	48~[5.gUxYT}V-YTYw^s#G%\'?z\rf \'.wix#>CͣΏf6H%L\Z߾!b2Da-Jk֭eĺ$X Z%\r	ќ\Z;*[0Unh@MtH`9E pVAAdt C8B.< 8HiC6@)4(ez\rЪKS\'}\\_K\"\"9^U6 \"b]H!#\'Kg㦵J\Z_7^w!cCpTu`B q#NjˢZ7$WB2:zyiԑ\nfƚkXU6jmmxdf!Vly(#i.=#9kG<$V[ӟ߽nm+hVĭZU vGI,skz͙l&	m,>pgeCp*~rEHr\Z)wܽ]V0zkK;Jh؇3-KN/W^~&3G[M/)\"OzgirO\Z+HK}n	!_[juh\0YxE㒷/(\"ryN y>[*cE崭g29@Ȩj\ZK3gvv+K.sE]lwI^8*h6fzoYydR35lv>8L@H^W7nιgݻٽ܌2M( D2+{1M̲̳]|w\\t5\\|ٕdA35Y~^q2qWٱ #C{\"K&xup	]K۬sp9\'q\\z\nھk.:\\y:o|KSW`N{f{gi%#m^\"Ѫ}2(#W_[yŕgrՅiOLg~~]?ȫo8k/Ȫ|cIt02Uk{1s2><vk·]FWwV/e	nMʤItEDNU]@DDvBVGgG祝RNF\nde7D+@(H30>=,%RͽhU$dIBFH)N,~GFt9yQrgn9?5aA(MV\r~Lt @080@av\0!D̠)cFU3t̠9ټCX`]-dx=$<V?p%o{V&.NIug+\n׽I01g6&t!:\ZY=x~X⸔?KW_ZG?]~=?BBo>>{~}oWoh\ZXu\"!zA,_e&(0yX=wשz,*d%\"\"}ƈj\'LwSܪ\n׽aI(-c&Oxl_wLw2aj̝ZjZe /#2\r흄aa5 ejcIZǵ(aǮC\\v٥EAa$N6y-װgNffX52ڱA	*\ZEc2	-7.\0;b:o2[4Kj__|M>S0S4Q\\K0wJ,˜x/?90YE\rü1C\0=lvD&,d?444B8^8Gß|LP6727/\nj}X^R_P/e^!dkтHf6W)ͽBGR/FVNVۮ^`<,7suu睻+QTŬ]-[Nf``:!K!&dYBKx{y辇t@22ƓUaO	GSw}G%֐PX2IRP$))1=q3O?%@ZTK*o?iqɉK8Y]n̝mcݔG\0d>ow.S(<kM\Zxt?GLg\0,z\ZU}z-~T#zÛMʤE^DD\"<Q%BJS\"y=ռZ՟xn|]ooW\0/#yO<[tFפl;tFFW219vC,Ic`eV{CݫFBY&	ٶesЗ}p\"M(RJ꡵NOTO͂S?ß*<H\Z\nV[q-lۺkV02b4p萳o<w>zCh:^B	 G{wԼ9,ȲꝖ)1X&4	$i,Xc&6L8_ꝏ1=))\"#}{yZ9Z1z1(=9LZ^Y^z~>;twʲ&	83R3FTu[KĹ\"\\^2%P͹MK`diC\':Epu{un_>_KcyjXt1/idfIlR%I1aĪkqRh{f_b$Iǲ	5?Zn^6D,=%,\'+\"ThN<o[e>4ӛ쪆Vi4F@E1!<\Zyi	)PW#zJh0Mh;2T{=hry x xBe-b:H3b:ϘL)3eJ	4Js\"$T}+USIV{u,=ٌnN(<\Z%:DPB;+\"\"^/Oo^U?;՗^z:uZX)qsJs\nV)ۻT9ѪѨ\r,N`aU}s1<[{zTM5;BZVխ1B,I@ld`I(jW+\'fǰhxȞlxs<<Յz?ϽTUm^4ӏrWzȽkZK}2lEcv}U:R/g4w#SyoaV#ƫee:b3OhQ>Ruwswzrq{uXb?E\"{W9Ch79\"-z4#,Tǎ0PyDTH/~tOLTrî^䞶cp\'r%Nm|Gxԍ7BzHa	EH$վPPy:J+\"\'0^Yvz!$C(X걺25߳@$24)CN7#(B\n\"(ȲT5IF(ײv,%]\n\0/j(\"\"h9H>C\n\"(Ȳ8f^xR-AdҤĽfsRsWDdy	\0Ym:4M,y\n\"(Ȳ8^ꪨм<VA^\Zެ+\"DoɪxSݭ]J	^]Y)ȉLWD#Boz*uA ȱrs\"%Zn@YEUoeBWD^BuV`qjJV\"\"%XUOHzz0^\roV{[ODd9<^N\Z^6FoUEdP>U9^6f2x#N\"*r+\"\"\"\"\"\"}KWDDDDDDBE5MIDdyQ>a8zM3D_UؚqxDu#ց|EdQ>5_EDS_O\"\"zEDDDDDo)􊈈HR۽5b)ǿE{F?\'+\"\"\"\'4sgUʏm|^17C*\00_|K-DD+\"\"\"\'xZ[1\n.1D).N@\01S\n(ݘdsaI)-	ILɢx$*8		e4\"	%¡p(HbK3JK!z{׫4-\"\"O[?/,(\"rBqq4)߉sÓN3vIV31>1Ic!PFS{ $)UzoI<i\0	`$b@NJAEB)=Pұ\"iRX*,W{Tw3ƫ/HppRHfX|k{UEWa\rHٲ>\r\\Ea͚~֙3`FNS29s}rI}\0yF7-[4X[-D̍4BY֍\Znc1Nݰ,Ki42bY229[rxh.3cr\"(-~,(2+\"ˎBHˢElJ,\r~^̮{7&G 5eI:.gr\'|iÔ\"ZB.\'Q^@IJIBЙd!^tyr+Ȁ48I(jiBݒC33/x*15*LO\n\"LMZ=l\\EDN0QB!@<1{E]@$E4,\'|OYCv/\"ФM\"4$(4Jٴa]u!+ym\rM\"voɪI<$2P7/tv6&I1i\'SɴŴ7C$k2\ZdQ.=.~\Z<Σ{\Zu<}{6U;V\r\0E4,ȉ#}E=ϝBzٔRH5wmcWb~5ײV£;w.;gLd| 	+G3NNfXs\'_!O>ƷwB&wG\r4`מ&6n-#g~`>vGvvhw:\r#~\nm^ˊV$93|;G9۱~WD)\roeGVxҜrХQjdo\')b^o:&1&|K_:ld<gÚQ^mY3\0I^ɯ~}g3 Wţz\'k/?}͌\r|^y}LLwy3ÂF\\xIraCGO~A䡺ϥ>W^Y4YD!\ro~ًdnҹϱnFܺBnDMrbkOeNH2< Rm=Q2801w?Ľ0<c<g>(eAknQ:F%]?*NZ=@4M>/(혤SD<1T@#yٱs_obx=#J+Wpef6*:Xjg4YD鴻U+dC+WkFhN	T<uK@nxݯo~KmYGw7|{39C4\Z\r0e}rGB\Z4oٗ7ӥS:-֛/gt1\'fx	i uWéH̰r/?l-\"{ɹ%թ\"#b|A>$aRo>/;d;\"\"\"IWDy\n	R\nK)-{q10V@# )4KRIbPXQ?9IQEH^\rѕ!0O~>7%p`bb}vsrgE}&%y١mɛ}w>l0J:w&!easVѲԜ};1ct,87(GN P`8n\rc7?&tKV&	Ws\ZCY^dyhx,3\Z|{\nTQ8X6!+\')F4)NٲXc&p!<ʅز8i`piiإA$-K,IʹK\rd^F5\0{<;ミ\naɧS&#$#Qᑝ{!!3seH\n7\\q:Kɜ}~\n!(9eU_z9[XvaP\r5C<``$\\hr鹧s&FIcl5W`jg4YDUoeGcޥ>(s@Q,\r\rٲ~m\\ņUl8ƪc6\Z	Y\0JiF2:eY23;}hwrvG#x=.n	ePR\0C=X_ϳ1::46(i6G#y:G0\'bD7B9ZWoYvV;+L+)#{{yE?!uȽ?fg݅#\"Wh9Zy-Qt-W;JJ\0[\\X9*d%\"{ՑHz%@Fx:N0i;22O~g^𞟸xeʳs6\Z+%\nХ,8 3]֏$u[yz5W:^r kyFg/-s[\n*O^FuXHے@\"Ѝvļ*V0W>-lrh	eY#ύtXZpH$0i\0 =;O Uî{m~^$F(;&{LwdX.\"\"OFWDX)BizU$p~Go;7K/8	aՂCetǪXQU𺠏; KfUzEw?;_{9nwH$PRU=j}!cq>\r0ClD{GhGPڳwK2>sH-PEYP\"bpOpJ%ږx\Zr_%ԇ^Ģ\ZP)h4[\Z\"\"r,*\"̫^\nF$C˧\\~/fxŜ\"YmjXޓ#K\\[rez#g~\n??&n3FMȘuUaƬM[ru+ϷÃno|CyHHN\nIܭQ>23nw,%$]-ޅQ}\nͽm\r40FcLMET]DD\n\"\"},T%zpq9{/WpkkNi(4^ylTC/Iώ.xZ3jhy5]67^{of`ؙ.+Rz%.$M+h$ࡤpT\\omobD{4HcŊ&jO/.{TK9%lX,zĄ|_zED⑕(lAicwqi1 ahbTs\0^clK;faϩz		[rY=?o>ChH-_r[|vk@`iǔ$d4\\~ޙdiJCx\0Ot:Gcgldd$Rx </hyjlMpwb7^-{bn\"\"7^>a^}\'^J*2ð+7~/LV6JBI3R\Z\ZR+s-bw/lK[ZìۈU\rwV77?xӯS4:婜ç\"E|3\0e@^_)#\Z4B:{xh>T/39lYˍ/N=Hg1/!#zzW$Ksեg~0n@W{)<u\n\"\"}F4eQf2gMO~S@epJ+q,UCFPz\\+<Ƌ/^;8BlⴀGxҟ0^\r$Ījr4Oi-hNe?zõlZCΝm1VR8D\\A+zU{\0HI[|=c<I4\'^/:#=qbHIUqC!j۱frUi>gW!07Oxq{&>\"\".޳%o_xQDSbT w6Q	]4u~^k_r1Y|4X>oNaw\Z	pB?ya\0$$VZN7%|?kfwgm ;潏Wy|(VZ>[-Gjp[If2%̻4B$)ۤ^@+f0<ŭם?׳rl?ϱ\r`fx0- (&ѴW}/r_XxQD	iR\n\rZס7:uh4l^x#W2\rTC*\rY=9IN0&姾H yHAnFh^n(RAVl5\\u\\pIY9Je5AN>ڢeN(	Y᜴2孯}7p++3;5˽>WﺏνSSS1A֭N3si\'30b4|[v(ArP/qd\r̗ƹ81DB:F7%[0{B,/\nKKZ7HXo9c]lU1<`0KaO3hNiKt70[vCo2ֶf>!e]Y|hfD3C|=|swodڡ\"sw-z۔8),Y&.9X9)ڝO&HI3I|o=LR P<קz^djx,7UY[S[	VW_ײ}(IYS]ުHՉ;̹l*oܰkqw3b[p᭯)CfVA٢ @Z:S&|Ч랇hGj8DZ*%Lzyu()1	8{VAld4\ZY\0s`b1z`\'dվXXφ5YD)rkkC\r-;^[Wm՝g/\\{\"r{&[N6ƈ1vx>1K\Z]%F:$4!2Oҋaer\0eQ!uQCհ^,H=Yr%xˮreб6	O:ڷ2MYv%\'o\0}{EH^j;ڒ٠+\"˓Ȳ`H=I^rHb۩MޡH|\\OoA -~/1\ZF<!Q.3̌$I8JH+tf)8묍wJ_e$)v*?;S`f}\'֪²n|p~ʧ8ϼ^tV\n>9x;((\n&ccclܴ/>Klqo(|̦+h&NUD\n\Z,\"˔Ȳ|xȪ)~_^twHʂԍ{st\"^qV\n\\Nt%wJ|OGQ@`$!#X`m֮lq[y\rpulU?gdpUn.|zABre7]uCt-wt#F#^Ub\0eWm⬓Fhk4O>g0㾂\"xzO6^Y4WDz!f`F\ZKb׼~%0:Pfu/I\'šr~{@-]0>-m~{O\'IBUo\'2JO2ݎ^\Z\Zfֵ4p<ugǈQZ\n1\n8|Pqu47\\~m׳qUxSh	DXڠ@&cYjkJvvÎCJYY7ϥs\"䷿y=\"\"cEHjMپyJVe4ij\\<=?;i\r+wk4XzYY;PT㔞)I(EF5~\'9eiVn+:/OkW_Ѵ>=t0j\ri\0+\"Pb4-\"w=r?I9i07e]ѭCDD\n\"\"NA,8?7iUFf\0շz\\d<e;!E?=>s@x\Z3Oxhjk^~#4<,]<X$	^~l4D{r?W&A Yrɣɚ{J5!R4390O1S2:y-W~.\"\"KWDYaGȏE󜄜s$e$x +\0yym]|pPyKfMXoKN$Oުw{(mn-ۈXw]csN洓F1ǣWN]v:	3jmwyoFLwwCiW]r\Z[<,~yJg\06ASZҜҌ%S4b9sc«o:V9MVF[CIti}azmrJ[	nW򪛮\"-a7hJZՋʲda3,hLMnҷ	\0\'L8$1J<.2=9	^r8y}JYIwz \\w5Tz^9{E۾|\'ED06YFhayaYDQyyu`Ŕ0@Hh%C!66p!.ޚr+y3֯$A{Tf\"eݖr~bEWԓʒ:˥\neI񹹳}ǘOctl$y\"L[nŬ\Z<أ|~\\Q50SS7M26lXs(<07h8KK3WvxN]?~?/u^u^a*dV~8sBFҒ,~<?-=p\0e	H4chd$s\'O6ðhLOOC-QXN!VSI[sK2Oߨ\"\"ϡĜ̌hڻt~g՟x64-NjpUIc==Wk.t\"i~gt\'XA(s$<i,<	@B|@Y%)k6U-]MBB)#vz了v<EQp?rDD)<\'pM]Q_^@\"BnXBtb\"^-]ZxW\ZMkFbF摕A,\Z!	%f))FZ\0av)(!8Sey{7=3MFF\Zj\nTzzĞd_3h4tE/(ux{éEDt \"Ur\rY߾_xKy7^v&ZeARF$faXjnbj~<@«!iE\'\rL#}2-.Mi4c@Ќ9ǹjFm/h.ɯFPbf;i5j]#Q:T&09%1#@wYz[\r7-.RQY\"p̠(ɩ]*.ސ<)^gN56-Ve^w9/_y+#YH=`J<`Ձq5ڮVՎOB2#׶͛8S,sa\':s\'+OeˊI1K/SpCy=XxKJbo}k4D2R#<6A4-=L޵.8$VK\"};סޣF@/J#-0myl7I۩	\"\"϶?9!8n%u	agYc/diBQO\ZȢUu#e]QTUvW.J	.E(&N<Z\"L䌍\'nRsXלdUn$\"d1Ҋ%XЊ9Yt\'D\ZAI	>y6rME2$9Tp#)ibs\'F{1e9$qgȭC7­\'VEc3EQ̲}z.9,Kv])@=.䈶x޾<1^gɬ KO7ڳk#!\'\rN]e֪G~WK͠\"\\v>!S[	!pӍa x͗Ҍ3^|mZ4#$HNb|c%C8IDn|Kb<&IFxKb0$CJYx-V-8N$xOn(m1c	ݢ	q2#4\"\"dzED%	NҞ˶7Ҳ;\riXqqwʲ\r\\mIcuyܞzKt/=}M=cJ~/&4,Q\rOS\nw\nK(,#LJZIa_u5/,|	>2tO]|̖\rp/\Z4%$K$okf0Hv{dEA1şKtE\r,9N	W4.y\"\"\'2bE\'jG\0Hm^+Z^֕XN?xy7f<c#xiy\'S5m[lu\ZNۺCޙ,&6DbXY5å[W7W^!QX4kb/07Рh235napIjp9c:C;FcJҲ$)IAV5\\r\n~sg\"6y`pϣD\Z^}Fz<;pSe$Zo่ȉ\'}ӚC\"\"\'Hg NR<ǃV2h7\'Dc r%qG$ENj>0{:WK2hq]_	&;feX$ 7)-ßꕰ}\'K3\\Lp֖!\Zi\0<\'假aCef`xpWp\r\\tVڲF Y?<*b VM .$͍@4m\\W~YbaL<4_wytsB K6gg@9Eo6qnmޗC/N U\"I![cEDNVWD/HYtC[;:N_8|ZCc$s߽o><8w {&iAILJ7<.1DlKҘy`~r9hF`nщ%e$!)F,)6Cܷ/=fuYީWϳ;Uw\no5\\yIRXGf۳IB0$%\riHiBQe[M|!ihKՒ(+\"ΉzG(iamV\Zp#iفEsJ^\r|D,@9k~9w<˴h[Mywzu*nU!|U+u-ÊW$PIxp}^>;GI6/ui둄HV\n!Ni_z!WO_aޕ KSʲ,K̼Lv䶯g|	I(	Ew繣+\"˔B,;\'zf4c8?Ss̫?D\"E5g^h>zOv;W3餫pkv?,0{WORǜ+=d.lN߲5@M1Báq7;w?>YU4FTw钡	ska;!ce+6rѶ8-ei$@Yzpw˝>wtˤZ7VHWAP\\PeJWD/.2+NW~&FqfɞgV[r2V`\")7_|ofϡ7$M\\9$8\rc!e5ĊU4&6SLb0PU6ī?s\nsÛKP@h6X=4BdphɉIڝ.36S3t$ZIoV3x$jEm^YzEd9Bսڡ\r)g_\rȻ¯^gϫ`Q@#		n?|a~oܷI;?Ky,xdu Luo{ZkK,7d[]%-zOwm\nVSqPݾxtEjIa*0[oĹ褋B,S9=RYmxS\n\Z!^y\\}#y١u0؂vBbN1^]	ĢC+qL~]?-/80N3%yz-^W;Y\n$4%$);;P5qׯ^Mpd;7*@!&%)R̒zC;!vXHS+\"}\n:#!v8m0/}4nAagw/	!Xaus	ީ_5zcDfOU]$IBFLzZݪV̝2nW*j<%B,>]a#\n	*V-*+<t%\"r{\0̌,$9ySbJ2/1)Ϛ^nfhF2~\rce\"\'z17C៳cSͥŹiհ\'joI2[xP]zu\nĽ^DDX)2s\"ށUݼc.Bˠ:)WϽ\'~\rbGSo~)bM:U/Ry)2cU^xn3˟8g༭v/qZ9CVhnkHC$^YHDDDN\\\n\"@nD3$9new\n7NZ^Y)Ӭ+ȖM#xG\"\"\"q\rn^-K֎ph\'x50t{1}xEm̠Q\\xZ;^h66[.\nuoDG|{v?QGD+\"r|cd@\r$^nezDԫXBb	iH	$x4@LhWl[.8\'*2KNo^M۟k-ODD䙧+\"}y>g\0XF}.;2Fq	H\ZrX?zWEDD	^Q/?BI[􅷖#eN+1.94N	Y\nP\r>ODDDN\n\"\"/\0wRVf4\'X5c5;ey	8`z:WA%]&`_UDDDs\n\"\"ǩ嵺9+ǆYf՚\ZܫI,b5˙[6bwMEfWM_\"\"^T-Wczٚ!FxG˺đ0wV^|XP\rrV,z{\Z)1_t[|}AD٠+\"rWI҄,#0:jY~f``^p6V.U Qxa@\\*0>gmO%ED\n\"\"\'s<jhf}~U_Cf4Yv5x`g\"$-G<4z|*_cL^x\'؎c+\"p\ZY(0<q\n)).Zv1wi(#(<qFoY.zgy)<-i%B1w\'SNZK#5ZYA+7sn	%Yx>S0w\ZYـ`;Z/1rwN0<oBGD䙦+\"rznuT^BoŚ,\'\ZhX뺘ǂ3ngQb,Vg}	1`nx,9S9ܳ)|ْ9&u//a3`PS8}-~<DkWMp\'x <~^\r\0y)4(b̶sg\0K^ݪ~14$ZSX$$X51C泤̒	9wH&6H,ϒY!+KVd +\"-4˒f4˂f,h$^	G\Zti.E@YX8WQ-7x,gIM9Xb%	\ZqF!60e#G\Zӊ9&)ۄ8H9e	0A`@W\Z,\"S9fU4 	EtQ|r6UpFw[zn^ӖGVd[O3OalHIljp3gVc8\r\\pf֯nҰ!!Mdv%ZdeHضy#眱C)!C~\Z.>TN\Z );x|-kW\rqu4KB$9#sB\'36qQwexUcJh3a\0!vI͚&瞽JsI(g8a?$n^K#Ԩ/WDi+\"r\\*@4gϾp/ne}`ݻ]F9Qy5 K1{A{.:7u)/cd05/8W\"n~ɵ_;JOs/dmlڴoMN(hRuҶ95a\r7ykomظfNċ}{F^k9䕯kw\nK%!r۸e7~\n?l^vd)`,;֯U/{1眶hs֓xUe<礓pS˸z&Nݼs>b2osyy_uK#z?<zED¨-P4¯W`Y\Zs\'wjNv<m|CG򲗿([,wyg`9g\'o~p5$!\'M\"m֭^g?i&&&ٽk\'\'>W5n&Chsۗ>E|Am;\n#\'I8}\r_G?_Os^\r61mg-g}#+Y9в`]b,H y\\p<#|#sv<,Ih\\p_W\'>_Oa!:\"\"tR9 j[շUZ{B)E8TJU[3[$M	6?uIBJQ:>VkISs8SB2ΝXfAp:lܸ75<ڵ,KX`ƥ^W1FFfr\nlmF3l8CghV(w~݈^ɧ{Ccn,Y36@sRJ/z`r}tY6\0OA	Ѹws^Ygn%,D:%\"tQ9.U/Q<bd=s5N\n\0o\Zw#ѭ׷)s3#?F08{PyeΖ-[;ټҴ 4f9x1s}3t;4mb.NAJ8!gCY:e4bLI!d\0HH&I(iBi	4Xy6b%@ E\\D	G<{Y,OJfR<5x^$IjRS5*qd8ȱ\'ˢe$nIq	<O^@~PO{yOU\'PPo\"~`)@JuX\n&)6G?S=~VP!+/I`蕤7[=)/C\"&63ePՉ_9LmR2PnS(Z@sa[r4HS\0,?ĪU5Vn33v2!N#?WC%zc;?i~\"@dzED2ELtLM(a&.Yf	TNm6egWl33SѭJbQЊ51V=ظ\"a6]:jj~/seYs$Gwoᛒd5^EHhoq7Y$֮.,H^k\\2y/<oT.^l\'.@$7^֯=6Ů䚝W|nx\r?\n:M(9rt뮿۷e%\\wџضJ̋<<]wAQLϞ{wyz6_zwpk\\m+q<\"\07m({PRjdYn];\'bKyu1^}\0zWmȥ.;=/8tdwr\rg%t{={^N{U%lYj5~qu}m_w&\'J%f> /0!ScP,Vޣ\',s7ߔe%DR(Qfp-STsÕg}?OfvGجF+HK?CۡKRh.~4^(T\r͗^Ԛ){%sfƵanNH.l+kV8|8@4`2\\ye_~CRfjj)\\zMHEJ_xǖkz&:k31>ƍ8zti&&ضu=RH]Wl޴n$x#dJ^;xV;f۷oenn#3jYWMyҙDrhw!E/946brr-\ZztkIZ6fm蕴,Лeΐj.*opǵ[LЛGd%K@U9אCs!#y;^7o{TCʉX!sy+\"hRN5;M1(g꜉	^u]bu bQ4Uc׫(cA-r1**ȩΙTs\"@(Sk16S\r~#)%RRLUהD3ӿhkrm( %8P%\"Bh-L͜e+i}`r(I+Yi^Ϗ!M\\\\LAJ|If+ClF@/8	B\"u1N] qMM\"	z$6)I$ǒ*j\"uX4]e8 ѢE\nB1<?\")ԩU̯R\"ɱEZb9P6u,HZTa:rn=PSqBk:VK(	$u.&!cA-R1F]BI_ri%I煡W·@%5B#\'!˦FoJ=?|ŌLowH@GM>@EAd``v?b^b˃;ELC\'Z>@@w6Kڒ[<NW4͔ٓ$Y^I:/){bA.|K`Lb^lzoqk@>&yOJ\r\'M$-&/5nBr?n߉XwVOք[mNgSI\'ؓD2M\\ܶ>q6\"aY\\8q.w&I狡W~aF,H^<ʗ4Hʙ΋m鮴L4c?Y B\\7USaa0,fsΡ9 4=y濘^ |:m[|%b\"G<r]lgҌi}-=Cǚz~%IC$\'@L$-ƃ?{͵5q~<!P.A:7\nzۿ>Ow_zqKC$o!ӫe_}9\\%OL*,qV5͟pU(I!CSZyDJ+Io!@UNav_/%C`\"2F*]\neCe>9p\\RIz%@IMK1ɿ#}nur5AA]Mm[]Z(W5u*R</G):M\"Ld0S$-G^I:2kk1jgs8RZe]5JRHQ8<Ndb\0n)b|Q򓗧UК$sz?Je+IQˁِ3!Lrx_ox/3!RV?8%bN4<yК25D̙HsDk?ypn1N*k~nM!+%IZ82{?/G_bhi)RX~i-prd|Ԕ9Q\Zu\'\\M)VX,#I;-I@t#F?\Z_?ᵅbXbެ ŋewWm=3|Jug8{YI+IPR3j7_~1:	qL=(-ϫ)E<N՚䙃{_O\',0E]|$i3J0LB\\R	|~E@@_dd!+>IǶB<	_ZeI($Ir^woJҲs\"sI/Q\'\nZޜIW-TS]&b{O~&nj=k1%ڹF[PS4;<\r\'>7s޾ٜ9U)Q@\"bCuoĿ3_B&VQ!%!7N<_ɧ&wwp~ǜəq:Qsş١g(7%RLʵt[kҭ%i٘}`WʲCﰡ\0xWy>)S\r\']Wp{vr;6~<3Vf)S\"~5cT&ۯ6ÐbSB 5Vty_pX[ezԴOMʅ<v~BFɉ2;[Ǚ4O\']K	e-~qaz.C+iYQl@y[&eǥw[beiZZ	ZE\"Noޜϐ897óv\\.VWH͚4sIS/e~Aq㫨Rꇐ֩=\0֧\Zzy{1fqл{>9;o1C+iȄzL D39ulXw\\r\rؼ~맘\"B?x.s~*̒fL_t*R׉Nc3s<{{̳/8rt5䢤۫DB8hN9\"C\"ސ3lrQ=EbwpLV(CgC/ba$H\Z\nz1\'ZEɚIڑvbYzf(uٳV^qS5!D-0ߩxm:=ș2\'~kB zAAA Co_h	CbkspϜ\r~2!SjrVR~<ݚpGp=YIȃߥ&\"1旳<\rV0JZVQ,y$BAyH!SLΑ\nHVuj曞.p޹R8`Vd4#L519B[1k.a_uȤFΩg/K?R1lCeR&mG(\"u(C$͜狹\\Lrƪc`pplCU{{1FGBLj3W\n5n\nwl7%iz~ᢋhp߿\n2Ess C [\0L$C\"DB&4uβsj7jڹsc\\5B &BY)yqhs:bG}j-6pUkq1r. \\nfz3\"PPLHH$D!P)rՄ͵-RͪknccW+6s>r(10YpVΡj&[kznVOLOJZaxnVΙ#ehsKVӌ҈DEshzhs3 Hٲi-s14A>W1hF{S쾎7N0뮛xI\'Nwjs0\"fP,Vޣ?xI3xz\"UGm+yP>FٷoԖ>p\0>5<hah,\'R	A4Aӓ>{Ͼw]__ao}{ߵy&;ܡẺ2Cf(PQɔ)r̙X+clW(ʒwcrbq6\\R4CC\"\'\ngdr $W=]G}?}ߵbO}o}O|N\n:P6A=K{Ĝ(ȔiV	ӌ#QT)1ZrdcԴS7M;Ҫ;2tZl\\ٱm5EUsb蕤j>{SތӇ;15YIV{SUr醵1>{\'k02PS7J}\rԥ0ç>t5vm*J\"Eh*uMQw;ｚ}END\"SQe+31et!T9V_[/%\\sW\\g~5-b](\";q)mEx8}\r\Z7RRX؛fbmw^:}v<u3\'>pSy^MQ59PQ\"\'T?I2J\nrL%)|[?Wk$W]_W!0M5:O019Uck t;nw]Y594W]6Tz>ro{oΪ\0S(R%؟!C%:ɣ?\"?ɂ\'W[MzfN=b!Wlݴ8VMJpv\r8VM2*6O]YrU/+6|ؼ\n.[a;6u0s\rݻsc݃9rIt߶Iқ^I+h}3ߥy.^2W\\#\'ﻓIͷl3Sqݮ+ٰi?ܳ3M5o3~\\e?<TU/7p5wy-g9zvMk]gMv\'GcX7UCO1dJy[}kwb͚6k]G?r%２u&yx<!;2͓qݷg溝sm<<ԋ-0^o2^o[/m\n~nw\\{~1r\\sxŃ/d6o?U.P̪yBJZiz~+i1.\rfKo\\\\So2wvU(w~-?s=\nE֭(ړ|rdfR;n;^;S{_+wCO?MQw;a֭z=>ﾛx≃|S7w=;fz/f3kJv}-Sw#uhK=~@0ͷރx,Pe::$ztVEkw]}C/k68m[<>t+|N&Z$&IF6lXT]r\r;`Y~5eժ-W䞗H$Ah蕤{󄥓\\Hr6Kzeg)-׳nmtƃp,x}ￍCf\"3ߺc+yi`qnNG8t\0=y{@ذesӁ^7r1=o=}8:=˚uu*f=z	R\"8%&aRbU|􃷱iC21${=o?B&ry6G߽ٽ?11^r-7_晟ͷblbHck8|ti6o^X#Gؼy#ViF>G\"!yA|duz%8^iyɚu\"דk _i ЬwKsv~#rٺ	/<Se=-y?\\(	!Pf-:˚droh¡\"9E	bz˻(Cȉ\"&ȉټqYza~gl% ƨdfY7Bs\\\'x2gW\ne蕴zex-Tn#ECd#ݺ$1UGI#VԱ2ҭ&(EA\0RJu_ׁ3ᒉӳad R`!wGdrn	u{E#-Bb\"yhT_t	^I:$IzrΤ~\r!PEQDLMASB3Tw6eE$\"TĲM$Lz)Qe2^NK L-C/SH$C`a}@MhIR2lC+b\"LEEE^Iқa$IAh\\C!2A+@\nI!\05D\",s fh`|R,IM\n lA3=GNL$BDDILX}9[\Z%I燡W$N\Z:<h9@Kr?Hf\"9TP4=&@HátLg Lun.nAs `&\\P撲߫|#$]H^It^9Cj@<9_\'	C-.B3gntYBB.[s;Loo\'7$I+IΛŎMeŨϤn85OP:G@RY@1t	K\\$\\z%IEDd0:{__O7̆w}giX5J`$I$\rz%It칖rz%8|1_Ĥ=9zV/JZQ\nZ!TFJ4h;/iͿy7^\'ds4SՖe+ij\n`vB8%j\0i^_t`I(IZVoc};+IJ5WҊb蕴Ь),Z$IN+iE@~E+I$VL FW.yu ,\n7ߔe&r\"(rg\nfst9$29qRb:ȡX$-6JZYcHP9b=G)Ȅ@&f;Jҹ89^=SЦ*&9IWЗ+iũBU@Lj:GD5^I:; 1F\ncآ\nc8Fmr$Ce+iũ9rzTS@&R{z`𕤳sj0A\n-R&\r7Cr\0\"\"g5\Zr\r9W=$3-R.!B!:YҲf蕴$2L@	&L\n,e_ӹ_^^I:[M=U3jM\r!Ci蕴z%@ns$96\0GB,!W6Lܐa0|vI/nPt\r8Z#{z%0\'~5=r;Iқ_7M^I˚Û%8\'z2Y7Β\'B$ПHS±$-3^I+~O/@^+I:16͘\ZC9Vsl6v>[_x\",}WҊ+IofnXz$-{o4b1JZy$I^I$IH3J$IFW$I4$Ie$I$,C$I$idz%I$I#+IK%M$I+WT&\r@\"w%jfoL5rh5]0=K$]^IoK1C$hB0U?fbQ.RRNrH)_V!W$i0JzĜ@\r9A)r Hq{M(L+)4\"!R=;vla%Ę$rMj ,Itz%Pri{%=\\s  o]G+=ZTTDM].ݼS%׶Y5iCo3;x~I$]8^Io3a%m>ٶyg˙hCh6Ss3u}>Hi@\"{j*\n2!$I.Cd6o{eۮ-Gw\r.a\"uo{︙k/eS5a4x[dH)*ILBSͺLa}a}1z	ry|7qM)1 V{m/.cￃ_n6j15kvC9m^Z=rT$Ia4KLyuL8n~qfV5eLt^:ĺ5mVOlb%=(ej|ٙyb5U5ui!H\nNzV3$IR\0;|G)I+bREs?2ó{~N\n~&Wss\\~<s\\ӭ&ngx\'7qk_=Jht9:;GEUYI$=yQwSMIZ͙\"Ms]7R^ͥ[m~ӧ;yĲBG_Q%!dv::LUWLLNЫf]:z̒$IE3n7K\Z}99-ޣZwc\\qzpqeb!bT0W,ql0>EǙW-ړؾc6&]+IL+i\rPw(cՁ#UiHcrdB.UrMB,\"EXf8:=G\n-2K$-Jz[J8Nh\\ a^u(r\"BD	 rIuL7tEM!4/=I$]`^Io+@{AUR	TPCh,@C\"j1!9Rh!sZ̒$IFpNnp r<D @/ghїWIweFZ-(\01gwx~yxVI$$Ie$I$,C$\rC~&çPjI$?^IZb0G7|vҶgh$IZ4di$If$I$,C$I$idz%I$I#+I$I\ZY^I$I2J$IFW$I4$Ie$I$,C$I$idz%I$I#+I$I\ZY^I$I2J$IFW$I4$Ie$I$,C$I$idz%I$I#+I$I\ZY^I$I2J$IFW$I4$Ie$I$,C$I$idz%I$I#+I$I\ZY^I$I2J$IFW$I4$Ie$I$,C$I$idz%I$I#+I$I\ZY^I$I2J$IFW$I4$Ie$I$,C$I$idz%I$I#+I$I\ZY^I$I2J$IFW$I4$Ie$I$,C$I$idz%I$I#+I$I\ZY^I$I2J$IFW$I4$Ie$I$,C$I$idz%I$I#+I$I\ZY^I$I2J$IFW$I4$Ie$I$,C$I$idz%I$I#+I$I\ZY^I$I2J$IFW$I4$Ie$I$,C$I$idz%I$I#+I$I\ZY^I$I2J$IFW$I4$Ie$I$,C$I$idz%I$I#+I$I\ZY^I$I2J$IFW$I4$Ie$I$,C$I$idz%I$I#+I$I\ZY^I$I2J$IFW$I4$Ie$I$,C$I$idz%I$I#+I$I\ZY^I$I2J$IFW$I4$Ie$I$,C$I$idz%I$I#+I$I\ZY^I$I2J$IFW$I4$Ie$I$,C$I$idz%I$I#+I$I\ZY^I$I2J$IFW$I4$Ie$I$,C$I$idz%I$I#+I$I\ZY^I$I2J$IFW$I4O\0\0\0\0IENDB`','image/png',0);
/*!40000 ALTER TABLE `users` ENABLE KEYS */;
UNLOCK TABLES;

--
-- Dumping events for database 'programming_academy'
--

--
-- Dumping routines for database 'programming_academy'
--

--
-- Current Database: `programming_academy`
--

USE `programming_academy`;

--
-- Final view structure for view `course_stats`
--

/*!50001 DROP VIEW IF EXISTS `course_stats`*/;
/*!50001 SET @saved_cs_client          = @@character_set_client */;
/*!50001 SET @saved_cs_results         = @@character_set_results */;
/*!50001 SET @saved_col_connection     = @@collation_connection */;
/*!50001 SET character_set_client      = utf8mb4 */;
/*!50001 SET character_set_results     = utf8mb4 */;
/*!50001 SET collation_connection      = utf8mb4_unicode_ci */;
/*!50001 CREATE ALGORITHM=UNDEFINED */
/*!50013 DEFINER=`root`@`localhost` SQL SECURITY DEFINER */
/*!50001 VIEW `course_stats` AS select `c`.`id` AS `id`,`c`.`title` AS `title`,`c`.`category` AS `category`,`c`.`level` AS `level`,`c`.`is_active` AS `is_active`,`c`.`created_at` AS `created_at`,count(distinct `l`.`id`) AS `lesson_count`,count(distinct `ucp`.`user_id`) AS `enrolled_users`,count(distinct case when `ucp`.`percentage_completed` = 100 then `ucp`.`user_id` end) AS `completed_users`,round(avg(coalesce(`ucp`.`percentage_completed`,0)),2) AS `avg_completion_rate`,sum(coalesce(`l`.`views`,0)) AS `total_views`,count(distinct `a`.`id`) AS `assignment_count`,max(`ucp`.`last_accessed`) AS `last_activity` from (((`courses` `c` left join `lessons` `l` on(`c`.`id` = `l`.`course_id`)) left join `user_course_progress` `ucp` on(`c`.`id` = `ucp`.`course_id`)) left join `assignments` `a` on(`c`.`id` = `a`.`course_id`)) group by `c`.`id`,`c`.`title`,`c`.`category`,`c`.`level`,`c`.`is_active`,`c`.`created_at` */;
/*!50001 SET character_set_client      = @saved_cs_client */;
/*!50001 SET character_set_results     = @saved_cs_results */;
/*!50001 SET collation_connection      = @saved_col_connection */;

--
-- Final view structure for view `platform_statistics`
--

/*!50001 DROP VIEW IF EXISTS `platform_statistics`*/;
/*!50001 SET @saved_cs_client          = @@character_set_client */;
/*!50001 SET @saved_cs_results         = @@character_set_results */;
/*!50001 SET @saved_col_connection     = @@collation_connection */;
/*!50001 SET character_set_client      = utf8mb4 */;
/*!50001 SET character_set_results     = utf8mb4 */;
/*!50001 SET collation_connection      = utf8mb4_unicode_ci */;
/*!50001 CREATE ALGORITHM=UNDEFINED */
/*!50013 DEFINER=`root`@`localhost` SQL SECURITY DEFINER */
/*!50001 VIEW `platform_statistics` AS select `p`.`id` AS `id`,`p`.`name` AS `name`,`p`.`description` AS `description`,`p`.`url` AS `url`,`p`.`category` AS `category`,`p`.`level` AS `level`,`p`.`language` AS `language`,`p`.`logo_url` AS `logo_url`,`p`.`is_active` AS `is_active`,count(distinct `pb`.`user_id`) AS `bookmark_count`,count(distinct `pr`.`user_id`) AS `rating_count`,round(avg(`pr`.`rating`),2) AS `avg_rating`,`p`.`problem_count` AS `problem_count`,`p`.`user_count` AS `user_count`,`p`.`features` AS `features` from ((`platforms` `p` left join `platform_bookmarks` `pb` on(`p`.`id` = `pb`.`platform_id`)) left join `platform_ratings` `pr` on(`p`.`id` = `pr`.`platform_id`)) group by `p`.`id`,`p`.`name`,`p`.`description`,`p`.`url`,`p`.`category`,`p`.`level`,`p`.`language`,`p`.`logo_url`,`p`.`is_active`,`p`.`problem_count`,`p`.`user_count`,`p`.`features` */;
/*!50001 SET character_set_client      = @saved_cs_client */;
/*!50001 SET character_set_results     = @saved_cs_results */;
/*!50001 SET collation_connection      = @saved_col_connection */;

--
-- Final view structure for view `user_challenge_summary`
--

/*!50001 DROP VIEW IF EXISTS `user_challenge_summary`*/;
/*!50001 SET @saved_cs_client          = @@character_set_client */;
/*!50001 SET @saved_cs_results         = @@character_set_results */;
/*!50001 SET @saved_col_connection     = @@collation_connection */;
/*!50001 SET character_set_client      = utf8mb4 */;
/*!50001 SET character_set_results     = utf8mb4 */;
/*!50001 SET collation_connection      = utf8mb4_unicode_ci */;
/*!50001 CREATE ALGORITHM=UNDEFINED */
/*!50013 DEFINER=`root`@`localhost` SQL SECURITY DEFINER */
/*!50001 VIEW `user_challenge_summary` AS select `u`.`id` AS `user_id`,`u`.`username` AS `username`,`u`.`firstName` AS `firstName`,`u`.`lastName` AS `lastName`,`c`.`category` AS `category`,count(distinct `ch`.`id`) AS `total_challenges_in_category`,count(distinct case when `uc`.`completed` = 1 then `ch`.`id` end) AS `completed_count`,count(distinct case when `uc`.`user_id` is not null then `ch`.`id` end) AS `attempted_count`,coalesce(sum(case when `uc`.`completed` = 1 then `uc`.`best_score` else 0 end),0) AS `total_points`,round(count(case when `uc`.`completed` = 1 then 1 end) * 100.0 / nullif(count(distinct case when `uc`.`user_id` is not null then `ch`.`id` end),0),1) AS `success_rate` from (((`users` `u` join (select distinct `challenges`.`category` AS `category` from `challenges` where `challenges`.`is_active` = 1) `c`) left join `challenges` `ch` on(`ch`.`category` = `c`.`category` and `ch`.`is_active` = 1)) left join `user_challenges` `uc` on(`ch`.`id` = `uc`.`challenge_id` and `uc`.`user_id` = `u`.`id`)) group by `u`.`id`,`u`.`username`,`u`.`firstName`,`u`.`lastName`,`c`.`category` */;
/*!50001 SET character_set_client      = @saved_cs_client */;
/*!50001 SET character_set_results     = @saved_cs_results */;
/*!50001 SET collation_connection      = @saved_col_connection */;

--
-- Final view structure for view `user_course_overview`
--

/*!50001 DROP VIEW IF EXISTS `user_course_overview`*/;
/*!50001 SET @saved_cs_client          = @@character_set_client */;
/*!50001 SET @saved_cs_results         = @@character_set_results */;
/*!50001 SET @saved_col_connection     = @@collation_connection */;
/*!50001 SET character_set_client      = utf8mb4 */;
/*!50001 SET character_set_results     = utf8mb4 */;
/*!50001 SET collation_connection      = utf8mb4_unicode_ci */;
/*!50001 CREATE ALGORITHM=UNDEFINED */
/*!50013 DEFINER=`root`@`localhost` SQL SECURITY DEFINER */
/*!50001 VIEW `user_course_overview` AS select `c`.`id` AS `course_id`,`c`.`title` AS `title`,`c`.`description` AS `description`,`c`.`category` AS `category`,`c`.`level` AS `level`,`c`.`logo_path` AS `logo_path`,`c`.`main_points` AS `main_points`,`ucp`.`user_id` AS `user_id`,coalesce(`ucp`.`percentage_completed`,0) AS `percentage_completed`,`ucp`.`last_lesson_id` AS `last_lesson_id`,`ucp`.`started_at` AS `started_at`,`ucp`.`last_accessed` AS `last_accessed`,count(distinct `l`.`id`) AS `total_lessons`,count(distinct case when `ulp`.`completed_at` is not null then `ulp`.`lesson_id` end) AS `completed_lessons`,sum(coalesce(`l`.`views`,0)) AS `total_views` from (((`courses` `c` join `user_course_progress` `ucp` on(`c`.`id` = `ucp`.`course_id`)) left join `lessons` `l` on(`c`.`id` = `l`.`course_id`)) left join `user_lesson_progress` `ulp` on(`l`.`id` = `ulp`.`lesson_id` and `ulp`.`user_id` = `ucp`.`user_id`)) where `c`.`is_active` = 1 group by `c`.`id`,`c`.`title`,`c`.`description`,`c`.`category`,`c`.`level`,`c`.`logo_path`,`c`.`main_points`,`ucp`.`user_id`,`ucp`.`percentage_completed`,`ucp`.`last_lesson_id`,`ucp`.`started_at`,`ucp`.`last_accessed` */;
/*!50001 SET character_set_client      = @saved_cs_client */;
/*!50001 SET character_set_results     = @saved_cs_results */;
/*!50001 SET collation_connection      = @saved_col_connection */;

--
-- Final view structure for view `user_learning_dashboard`
--

/*!50001 DROP VIEW IF EXISTS `user_learning_dashboard`*/;
/*!50001 SET @saved_cs_client          = @@character_set_client */;
/*!50001 SET @saved_cs_results         = @@character_set_results */;
/*!50001 SET @saved_col_connection     = @@collation_connection */;
/*!50001 SET character_set_client      = utf8mb4 */;
/*!50001 SET character_set_results     = utf8mb4 */;
/*!50001 SET collation_connection      = utf8mb4_unicode_ci */;
/*!50001 CREATE ALGORITHM=UNDEFINED */
/*!50013 DEFINER=`root`@`localhost` SQL SECURITY DEFINER */
/*!50001 VIEW `user_learning_dashboard` AS select `u`.`id` AS `user_id`,`u`.`username` AS `username`,`u`.`firstName` AS `firstName`,`u`.`lastName` AS `lastName`,`u`.`email` AS `email`,`u`.`joinDate` AS `joinDate`,count(distinct `ucp`.`course_id`) AS `enrolled_courses`,count(distinct case when `ucp`.`percentage_completed` = 100 then `ucp`.`course_id` end) AS `completed_courses`,round(avg(coalesce(`ucp`.`percentage_completed`,0)),2) AS `avg_course_completion`,count(distinct `ulp`.`lesson_id`) AS `total_lessons_started`,count(distinct case when `ulp`.`completed_at` is not null then `ulp`.`lesson_id` end) AS `lessons_completed`,count(distinct `uc`.`challenge_id`) AS `challenges_attempted`,count(distinct case when `uc`.`completed` = 1 then `uc`.`challenge_id` end) AS `challenges_completed`,coalesce(sum(case when `uc`.`completed` = 1 then `uc`.`best_score` else 0 end),0) AS `total_challenge_points`,count(distinct `ua`.`assignment_id`) AS `assignments_attempted`,count(distinct case when `ua`.`is_completed` = 1 then `ua`.`assignment_id` end) AS `assignments_completed`,round(avg(case when `ua`.`score` is not null then `ua`.`score` else NULL end),2) AS `avg_assignment_score`,count(distinct `pb`.`platform_id`) AS `bookmarked_platforms`,max(`ucp`.`last_accessed`) AS `last_course_access`,max(`uc`.`last_attempted`) AS `last_challenge_attempt`,max(`ua`.`submitted_at`) AS `last_assignment_submission` from (((((`users` `u` left join `user_course_progress` `ucp` on(`u`.`id` = `ucp`.`user_id`)) left join `user_lesson_progress` `ulp` on(`u`.`id` = `ulp`.`user_id`)) left join `user_challenges` `uc` on(`u`.`id` = `uc`.`user_id`)) left join `user_assignments` `ua` on(`u`.`id` = `ua`.`user_id`)) left join `platform_bookmarks` `pb` on(`u`.`id` = `pb`.`user_id`)) group by `u`.`id`,`u`.`username`,`u`.`firstName`,`u`.`lastName`,`u`.`email`,`u`.`joinDate` */;
/*!50001 SET character_set_client      = @saved_cs_client */;
/*!50001 SET character_set_results     = @saved_cs_results */;
/*!50001 SET collation_connection      = @saved_col_connection */;
/*!40103 SET TIME_ZONE=@OLD_TIME_ZONE */;

/*!40101 SET SQL_MODE=@OLD_SQL_MODE */;
/*!40014 SET FOREIGN_KEY_CHECKS=@OLD_FOREIGN_KEY_CHECKS */;
/*!40014 SET UNIQUE_CHECKS=@OLD_UNIQUE_CHECKS */;
/*!40101 SET CHARACTER_SET_CLIENT=@OLD_CHARACTER_SET_CLIENT */;
/*!40101 SET CHARACTER_SET_RESULTS=@OLD_CHARACTER_SET_RESULTS */;
/*!40101 SET COLLATION_CONNECTION=@OLD_COLLATION_CONNECTION */;
/*!40111 SET SQL_NOTES=@OLD_SQL_NOTES */;

-- Dump completed on 2025-12-23 20:43:16
